pg_dump: warning: there are circular foreign-key constraints among these tables:
pg_dump:   fsm_fsm
pg_dump:   fsm_fsmstate
pg_dump: You might not be able to restore the dump without using --disable-triggers or temporarily dropping the constraints.
pg_dump: Consider using a full dump instead of a --data-only dump to avoid this problem.
pg_dump: warning: there are circular foreign-key constraints among these tables:
pg_dump:   auction_onetimeauction
pg_dump:   auction_onetimebidder
pg_dump: You might not be able to restore the dump without using --disable-triggers or temporarily dropping the constraints.
pg_dump: Consider using a full dump instead of a --data-only dump to avoid this problem.
pg_dump: warning: there are circular foreign-key constraints on this table:
pg_dump:   workshop_message
pg_dump: You might not be able to restore the dump without using --disable-triggers or temporarily dropping the constraints.
pg_dump: Consider using a full dump instead of a --data-only dump to avoid this problem.
--
-- PostgreSQL database dump
--

-- Dumped from database version 12.0
-- Dumped by pg_dump version 12.0

SET statement_timeout = 0;
SET lock_timeout = 0;
SET idle_in_transaction_session_timeout = 0;
SET client_encoding = 'UTF8';
SET standard_conforming_strings = on;
SELECT pg_catalog.set_config('search_path', '', false);
SET check_function_bodies = false;
SET xmloption = content;
SET client_min_messages = warning;
SET row_security = off;

--
-- Data for Name: auth_user; Type: TABLE DATA; Schema: public; Owner: workshop
--

COPY public.auth_user (id, password, last_login, is_superuser, username, first_name, last_name, email, is_staff, is_active, date_joined, is_participant, is_mentor, phone_number, school, city, document, gender, uuid, grade) FROM stdin;
1	pbkdf2_sha256$180000$RvJBGEEVwk2U$ILhmUpgt1ecJMOyVnoPJx3RagYDYTptFpUvCcEW5FyQ=	2020-11-19 11:00:12.136191+00	t	root			info@rastaiha.ir	t	t	2020-11-17 19:54:11.608087+00	t	f	\N	\N	\N		\N	2b9eb9de-db99-4e08-bbdd-8b0d4e3db20e	\N
3	pbkdf2_sha256$180000$uwggPZnFj60o$Gq7QX71BZjDpFFiVHKYpChETel7U6Gm/zpcBQ3qwy+Q=	\N	f	test			test@g.com	f	t	2020-11-18 08:23:14+00	t	f	\N	\N	\N		\N	0a5d9b0c-4949-414d-9564-4e1afea70e98	\N
4	pbkdf2_sha256$180000$tCpGSTgfb908$X17TuSn41X35N1kGkgZLRJs7qay+Ad0jmMcjLXBvBg0=	\N	f	0927217619	 محمدرضا  خطیبان 			f	t	2020-11-18 14:00:10.548811+00	t	f	\N	\N	\N		\N	2b39b87f-8065-4cf4-b109-726d4df2ff1a	\N
5	pbkdf2_sha256$180000$UaNk7wfuwDU9$/2/DIDLb7fiRCrN1UEGA2rfcVecfcF87A9AfdeshB58=	\N	f	0925460583	 امیرحسین  حبیبی 			f	t	2020-11-18 14:00:10.805897+00	t	f	\N	\N	\N		\N	8094a325-e664-4eee-93d4-ec5fe77637f1	\N
6	pbkdf2_sha256$180000$KN9A1Y7thcdw$urGpLsVIySUzwloItgce6JlWRUJgRIVCXZAg1V5RGMk=	\N	f	0926804316	 حسام صحافیان			f	t	2020-11-18 14:00:11.04271+00	t	f	\N	\N	\N		\N	8a4a589b-326f-4960-9b21-49c12ac79bc2	\N
7	pbkdf2_sha256$180000$YgjNAcjgziL2$rRoyuuBgMd1hBAA+IeHO4WuHOR09H/hq5YzZke93w90=	\N	f	0927010763	 محمدحسین شریف 			f	t	2020-11-18 14:00:11.285149+00	t	f	\N	\N	\N		\N	5570dff4-2aa6-4cbf-9ff6-636f61dfced7	\N
8	pbkdf2_sha256$180000$k68gkcZh7pZe$bbJh+qXunqdtQghQrWM3FY5+FYh673HufM1EXqKeKGs=	\N	f	0927374161	 محمدصالح طالب 			f	t	2020-11-18 14:00:11.529267+00	t	f	\N	\N	\N		\N	26ae8ef4-21d2-4b0e-9812-2c098ba304e0	\N
9	pbkdf2_sha256$180000$ygMEdfEFYWzd$Sj+5bpkc5fdMZwQtnyN8OB8V9sONf/Xkz3vSVn+NY7g=	\N	f	0927005484	 علی تحقیقی وطنی			f	t	2020-11-18 14:00:11.73645+00	t	f	\N	\N	\N		\N	d538ae91-6688-445d-b3a7-43acbe048efb	\N
10	pbkdf2_sha256$180000$vZ4rM1upTK46$G7eO3RCSe0qpYBCpe9uyRM+G3w7O3OTZaKXMMhrIgQM=	\N	f	0927727420	 علیرضا عصمتی 			f	t	2020-11-18 14:00:11.982136+00	t	f	\N	\N	\N		\N	6ce52188-7999-4241-b786-9645b6f180e1	\N
11	pbkdf2_sha256$180000$e3ItZ4K4zZcg$d6xMaxT5FkeCEyovs2MFT2gkHZZEV6Z8qq+moe5mCdM=	\N	f	0927515032	 امین رضا  برمکی 			f	t	2020-11-18 14:00:12.285819+00	t	f	\N	\N	\N		\N	2871a7a5-decc-4573-bf73-4514f959efa7	\N
12	pbkdf2_sha256$180000$9i5Cqzuggv09$mLmzJBYkTwyp/Sxnp270W2ga9yHgbjtOccLsLLwL8V8=	\N	f	0927758571	 محمد مهدی شریف رضویان			f	t	2020-11-18 14:00:12.494768+00	t	f	\N	\N	\N		\N	a3360d11-3674-499c-a8c8-a4e1c0c111f9	\N
13	pbkdf2_sha256$180000$IfdrGTjE8vj4$1UxrGMvCGxZ2vpxotFdsd4yiNQe5IynyXnjkVmypYc8=	\N	f	0927669471	 علیرضا صحرایی 			f	t	2020-11-18 14:00:12.712122+00	t	f	\N	\N	\N		\N	3bdbf704-4d01-40b2-b489-44b6d85f5eb3	\N
14	pbkdf2_sha256$180000$wWaodoA5fKDJ$cmZL8MK0qGKv/VCXQckmtwIP9VogkYFrrX9O3IQ7P8Q=	\N	f	0923892311	 سپهر شیخ زاده 			f	t	2020-11-18 14:00:12.920251+00	t	f	\N	\N	\N		\N	dba092ce-278a-4b83-bd13-6d711122b67b	\N
15	pbkdf2_sha256$180000$hznFStonI8iM$XsvX+KF6UMN9+1LAZNrz8QBeA90r1OFOL1e2awT4EOs=	\N	f	0927353768	 مهدیار  اعلی			f	t	2020-11-18 14:00:13.174132+00	t	f	\N	\N	\N		\N	d5efd7fc-b31d-492d-b638-2982c296dedb	\N
16	pbkdf2_sha256$180000$1N1fXy8lvZLw$sjkoErSwmu18B+rfLbDuhadVw5W87kNgR68Br7QqjeY=	\N	f	0927642956	 ارمان  پورعلی 			f	t	2020-11-18 14:00:13.388729+00	t	f	\N	\N	\N		\N	0696574f-6524-4b63-8f1e-3dceeb5c0f9d	\N
17	pbkdf2_sha256$180000$St9l83XtVUf7$Kmmkv0yUy3oB6ETtMZQv6WzSxbrLJbJdjA8IgyNht+4=	\N	f	0934333701	 محمدشفیع محمدی 			f	t	2020-11-18 14:00:13.588921+00	t	f	\N	\N	\N		\N	cc009feb-e8ba-4960-a048-8e0985edc96f	\N
18	pbkdf2_sha256$180000$8rMFvYsLen3W$KhQcUpXJa4b/o5WHsKU4DjX6Dbu55soCRjOVsehurp4=	\N	f	0927625415	 علی  نوری			f	t	2020-11-18 14:00:13.814167+00	t	f	\N	\N	\N		\N	d0096ad6-2831-4364-994d-239de7d3eaad	\N
19	pbkdf2_sha256$180000$FosDIck37VyG$QB4gSVsCsUmudNVEfQzE2ve6SPyVLfcDNnrVGIHC8/I=	\N	f	6600158506	 امیر حسین محقق دولت ابادی 			f	t	2020-11-18 14:00:14.034139+00	t	f	\N	\N	\N		\N	d7ba58e0-5491-4ffc-832d-73cbcc8f6929	\N
20	pbkdf2_sha256$180000$JW2ZlBievGIr$rFRQZFePvS8ws2LoSq2NCPdXTs037Iy9qWWnn1UfEGk=	\N	f	6600164931	 سید محمدمسیح حسینی 			f	t	2020-11-18 14:00:14.277367+00	t	f	\N	\N	\N		\N	4c682ab3-fa9a-44de-ac77-fec8d5dbd588	\N
21	pbkdf2_sha256$180000$hhCxxUnUHY9R$hOyDcZA9QjUrcSRzGLobVrMXRl/BhmHFDma8EfKTYcg=	\N	f	6600164670	 رضا  دری			f	t	2020-11-18 14:00:14.496917+00	t	f	\N	\N	\N		\N	557a58e2-f4be-47af-b1d9-950d5c4df473	\N
22	pbkdf2_sha256$180000$SKEQ8Qx6KDyg$fuWopIdxVrDdDv86k3m5VRVYFaFW5ZEt+4HF1wDrz7M=	\N	f	4890600698	 معصومه  معدنکن 			f	t	2020-11-18 14:00:14.704859+00	t	f	\N	\N	\N		\N	87a66eca-2fb3-4dcf-ab03-b96504bc6e3c	\N
23	pbkdf2_sha256$180000$WZRxUTQUvvBg$jmwJ68uv5gdAxT1i9TzTaq1GZe2DR0t/EO0boiKUg4k=	\N	f	4890603001	 ارمیتا حیدری 			f	t	2020-11-18 14:00:14.91306+00	t	f	\N	\N	\N		\N	5152e61f-0c60-4671-8052-9a9935011d7b	\N
24	pbkdf2_sha256$180000$k1m2TBbbCp7o$BRF755Qg8EokpLB8J9cHQ9Xse5Z9YlCJmrTtBI8ikbQ=	\N	f	4890594760	 سارا مجدی			f	t	2020-11-18 14:00:15.133407+00	t	f	\N	\N	\N		\N	eb9ec040-629f-4b73-9424-8e5803f70c80	\N
25	pbkdf2_sha256$180000$XBA1yJHlka02$TcWJPBNAaDoQdMZsgJIcDUIsrB30Y4xwhECU8319MCg=	\N	f	2283761999	 زهره خواجه ای 			f	t	2020-11-18 14:00:15.348812+00	t	f	\N	\N	\N		\N	a2b9d185-6607-4ebb-b8bc-dad1c6170ada	\N
26	pbkdf2_sha256$180000$RE4EJM0f9EAq$bMGcQjlpt1Li7Y6CoZvkciLVyK8U436N+YO1al0HmSs=	\N	f	2283908612	 طاهره رزم اهنگ 			f	t	2020-11-18 14:00:15.55807+00	t	f	\N	\N	\N		\N	cc11d6d4-53c5-4a39-803f-88600651b0c8	\N
27	pbkdf2_sha256$180000$8BYtccrNKLiS$7QoTq8UT9yWqd1YcP4QsOGg5cnvQUan5Kvd36Yo0A2k=	\N	f	2283834457	 مریم حیدرپور			f	t	2020-11-18 14:00:15.808177+00	t	f	\N	\N	\N		\N	fc36c5ab-c8b3-4b44-b5cd-a2438ecdd54d	\N
28	pbkdf2_sha256$180000$kBP8CzsXIWS1$dst7QKJiNdnXunxtJqDqgj85WPY4lbPw+YpxsP3+XKQ=	\N	f	0441182542	 مارال مهدی نیا 			f	t	2020-11-18 14:00:16.01798+00	t	f	\N	\N	\N		\N	27a213b2-e930-4dbc-810a-3c692b0d8ce2	\N
29	pbkdf2_sha256$180000$6oTeSiaJ3oUO$A9Vkrctvy/scYu8MPDWqnrsJxad4M/NREFuoRxMUZuQ=	\N	f	0025547585	 مهسا پورمجیب 			f	t	2020-11-18 14:00:16.218046+00	t	f	\N	\N	\N		\N	0e05abde-8470-4697-be3f-73eb9908d843	\N
30	pbkdf2_sha256$180000$HYG7iottAyZP$Yu8OZD64tGw1PXi+FNNgGxRmEQeR/gYW3KvzAUWgY6M=	\N	f	0025700022	 مینا پورمجیب			f	t	2020-11-18 14:00:16.456428+00	t	f	\N	\N	\N		\N	77dadf09-312c-43b6-a2a6-cdfb237297ca	\N
31	pbkdf2_sha256$180000$5KEaPUBy1TUI$DnsD/x/aEJDjjLmN5Rpcwwdh9iNPnhIzICIbHBKLIDQ=	\N	f	4980431860	 سید محمد متین یوسف نژاد 			f	t	2020-11-18 14:00:16.686159+00	t	f	\N	\N	\N		\N	f8083b9c-393b-4652-bf17-16ae8eb41277	\N
32	pbkdf2_sha256$180000$jGjUx0hKgboj$yH3qb5I14iEA2aOS/yDcyV5gamYVY2Yk6rwJfxrotsI=	\N	f	2051353123	 ابوالفضل کیامقدم 			f	t	2020-11-18 14:00:16.947018+00	t	f	\N	\N	\N		\N	d43ddf08-0577-4c97-ab57-40bc468d2207	\N
33	pbkdf2_sha256$180000$kumwcH8QdQwK$RyqGex8IVVeuSIH29LidbGo6+lu4tiuThxlb1vWNOMU=	\N	f	2051305137	 علی مهدی زاده			f	t	2020-11-18 14:00:17.206402+00	t	f	\N	\N	\N		\N	dfd101e4-fdd9-4298-9c4d-b2ace5777f19	\N
34	pbkdf2_sha256$180000$30j06TEnSBLR$ZF4pJ/B1h8Ar/oikvTyMWS3agLox9JlCKzEN4tY0zpU=	\N	f	2500606430	 مجتبی شجاعت 			f	t	2020-11-18 14:00:17.465993+00	t	f	\N	\N	\N		\N	00dbcac8-9af0-4e11-aba4-5a3002e889da	\N
35	pbkdf2_sha256$180000$SOc1lQHo2h11$0xEjiun3GlfpTUQMtI1aVD1jr1/rK5CWdpDpMW4Qars=	\N	f	2500617912	 رضا همایون 			f	t	2020-11-18 14:00:17.670939+00	t	f	\N	\N	\N		\N	1d3ad830-67f5-4de9-a096-de6517b9e792	\N
36	pbkdf2_sha256$180000$o0JQudHUqUIN$9UndRpzhQnd4k5MIy1H0RYpvKGuoO4/LYYv58n8c1tc=	\N	f	6560067289	 عادل نجاتی			f	t	2020-11-18 14:00:17.890451+00	t	f	\N	\N	\N		\N	beeba2a1-25aa-4638-ba9d-a3b60e57a0ce	\N
37	pbkdf2_sha256$180000$cstzb4np31v5$skFcDL9XW4+BnzhvjNaic2eiPJxw5gMDEpiYm5M8/PU=	\N	f	3721260465	 بینا اشرفی راد 			f	t	2020-11-18 14:00:18.115728+00	t	f	\N	\N	\N		\N	beda0130-d77c-4471-bbf2-4f8b080011f1	\N
38	pbkdf2_sha256$180000$0uxltBxNFMhl$euIaN9EX3CnY5+qTBT9HuWmTbnlqY0uvtZTpmJC09lg=	\N	f	0313455351	 محدثه ازغ 			f	t	2020-11-18 14:00:18.323633+00	t	f	\N	\N	\N		\N	77c0a35e-186b-4289-aa76-4c1128186655	\N
39	pbkdf2_sha256$180000$70osXW0fdpP9$/CmJW7dBE+0GfLcRWHiui/mSURs3bpAUGlX8pOA5k9E=	\N	f	4890600612	 محدثه دهقان نژاد			f	t	2020-11-18 14:00:18.556471+00	t	f	\N	\N	\N		\N	b8edc280-3985-4f12-8f3f-fd2d13e1bad2	\N
40	pbkdf2_sha256$180000$5XGZPppRxU4l$qn7gfy+sX+XWDV5z9tJHqC9JBivnfDZjzqvgfYygHtA=	\N	f	4890598286	 کیانا حیدری 			f	t	2020-11-18 14:00:18.759905+00	t	f	\N	\N	\N		\N	62fded7b-ca02-43fb-9a39-26b2f97111f9	\N
41	pbkdf2_sha256$180000$UMRayBABwhl4$gCMLngieEDjXTQNE3OYtMOfsrpbozD7285E6HIoAWUM=	\N	f	4890595066	 ریحانه زارعی نژاد 			f	t	2020-11-18 14:00:18.977782+00	t	f	\N	\N	\N		\N	b6fa08ce-1edc-4992-bb3d-53f16c01e062	\N
42	pbkdf2_sha256$180000$y4dGNbPSPrWA$T1jVTM4+8n5eWhfuwFUpaj8XND7AqO3dFR9bebgCPb4=	\N	f	4890601430	 سوگند معدنی			f	t	2020-11-18 14:00:19.190966+00	t	f	\N	\N	\N		\N	f62be2f5-6453-4784-8405-54e50525507e	\N
43	pbkdf2_sha256$180000$hXuyZqiGFkaK$omlOrd4mCMmvue5ipuJJXP7Cc1/1lnOQ8bkpv5uyNfc=	\N	f	1274412021	 سمن اقابابایی 			f	t	2020-11-18 14:00:19.406425+00	t	f	\N	\N	\N		\N	f3e8a790-4da2-4982-bec5-8a762798730c	\N
44	pbkdf2_sha256$180000$79gCH32o74a9$4RZMbP5nRNKkFM1lTnF1SFmr3DGSccb9GcXcgSTYHco=	\N	f	1273858069	 فاطمه  عسکری  			f	t	2020-11-18 14:00:19.599846+00	t	f	\N	\N	\N		\N	08cb68ec-6e7e-4498-9477-c95f8772d917	\N
45	pbkdf2_sha256$180000$irjRi6cDi2ZE$BniQHgvTTBggo5qZBDjNRCoyeRgJtEtAWExm8UlnKvg=	\N	f	1274563321	 نگین  علیم 			f	t	2020-11-18 14:00:19.803687+00	t	f	\N	\N	\N		\N	6f841797-44d4-4acd-82c2-811e38647b26	\N
46	pbkdf2_sha256$180000$0rx8CdjAb4Vu$v02F4W6Jutv3kSpTwZOLvpZsyxYuFgYgbexuFMTqwlU=	\N	f	1274631130	 علی حیدری 			f	t	2020-11-18 14:00:20.037458+00	t	f	\N	\N	\N		\N	7c910b1e-f5f5-4e0b-b914-adad692737f2	\N
47	pbkdf2_sha256$180000$BJn8OdH6UTeK$f8ouWFYi1pxJNF9QD4V31URIRvewXGNmFzazo8BdMLY=	\N	f	1274575680	 محمد عارف کلیایی 			f	t	2020-11-18 14:00:20.256008+00	t	f	\N	\N	\N		\N	5e4d0252-bba5-4b53-ad7a-39cd2056b2d3	\N
48	pbkdf2_sha256$180000$9CMqvQV4qnEc$3l87saw9p7Y9iJ6J5SRbGm15yqcGKALsSbB7aah0VNo=	\N	f	1274376327	 نیما ملایی			f	t	2020-11-18 14:00:20.465537+00	t	f	\N	\N	\N		\N	88008bba-bf8a-4694-aa6c-59bb99a12ce7	\N
49	pbkdf2_sha256$180000$LoVs93ipJ2nj$Py1xLevjCkPJMew39sGzG7E1q2an4Q2W0o0E1EONAbU=	\N	f	4980436269	 بردیا متمنی 			f	t	2020-11-18 14:00:20.681077+00	t	f	\N	\N	\N		\N	20a1227e-6b49-4e6e-a90d-ae16f72214c5	\N
50	pbkdf2_sha256$180000$LaL6EVq51po2$Lng/FP4D8RKQ7VgwX1khGAKcAoS+5xz5QlT5WiGrizw=	\N	f	2051320519	 یاسان حقیقت 			f	t	2020-11-18 14:00:20.909998+00	t	f	\N	\N	\N		\N	d33f81ff-7e9e-4aea-ba0e-3ff171c8ddcb	\N
51	pbkdf2_sha256$180000$gVPslpYOx6Sm$eAfXTW/0wpUYQjiV6D8pIG61DPTOOIr4qreyoHF9XqA=	\N	f	2051346720	 محمد جواد رفیعی			f	t	2020-11-18 14:00:21.117848+00	t	f	\N	\N	\N		\N	b7705912-2ddc-4c45-bba6-d3484f40f197	\N
52	pbkdf2_sha256$180000$BotDZTogvSHw$8iLaNhrWzGk2FCDyMz3Ay2QA7lq9KjxkhQCEfGeFm5Q=	\N	f	0927850095	 نوشین شیردل 			f	t	2020-11-18 14:00:21.328035+00	t	f	\N	\N	\N		\N	ced3a500-86de-4cd0-be28-af713f6f9d03	\N
53	pbkdf2_sha256$180000$tKRAM1O19iQs$8AVt6yJN6AMHN/vmf74P5I1lKBMGXycXxOvP+vIdE8I=	\N	f	0928241386	 یاسمین موهبتی 			f	t	2020-11-18 14:00:21.53951+00	t	f	\N	\N	\N		\N	a986087e-da8e-4f23-ba6d-b4594485b96e	\N
54	pbkdf2_sha256$180000$DIQSSwzKpuzX$4xFBlyXHaSdk8wvtK3vvYymj6AW3aasIn7MuQgpUciA=	\N	f	0928056910	 اتنا یوسفی			f	t	2020-11-18 14:00:21.777557+00	t	f	\N	\N	\N		\N	cbb40b6c-616d-45df-9c30-81ed1e3ad52c	\N
55	pbkdf2_sha256$180000$Haa2mKztv893$AEHGggBHkl9NklCbTxTSi/qxIIQuGecYzgTWu1TUlLk=	\N	f	0928189287	 نگار ییلاقی 			f	t	2020-11-18 14:00:22.069879+00	t	f	\N	\N	\N		\N	19cf65ce-ff67-4a4b-8edb-5352072b98ed	\N
56	pbkdf2_sha256$180000$9zRLdaxCFOty$NjpkD0dwy7yL+pxIAKEtO0x2c8tecCv05DJHqMplzvo=	\N	f	0928114600	 حدیث برزویی 			f	t	2020-11-18 14:00:22.375879+00	t	f	\N	\N	\N		\N	0d70e999-2e90-4bff-8586-a48fa87a2cd0	\N
57	pbkdf2_sha256$180000$vhQkmlnYRxVF$1HtIc3dd/LzVbpfJcntzQML52XLaheGeexkgrVeLmck=	\N	f	0927783754	 قدسیه صمدی			f	t	2020-11-18 14:00:22.629741+00	t	f	\N	\N	\N		\N	22e950e1-a57c-489e-bc83-a55e702614f9	\N
58	pbkdf2_sha256$180000$iFXxRecI5332$a5Q2//ZyrX6mFukOByEIyc3G1ZiIzeLL+ATKmIHFTeQ=	\N	f	0928290141	 هلن خوشحال 			f	t	2020-11-18 14:00:22.858098+00	t	f	\N	\N	\N		\N	f0263088-c548-49af-b177-3fd53a13b71d	\N
59	pbkdf2_sha256$180000$HhETCgbuUoaO$SjWLcda8PllPmdQxEzJeZt6L3xCgu3DDpa+vN32NXxk=	\N	f	0928079635	 فاطمه ثمری 			f	t	2020-11-18 14:00:23.073021+00	t	f	\N	\N	\N		\N	15df3b22-7156-4616-ae37-38619df3466b	\N
60	pbkdf2_sha256$180000$at5pZmXBDFeT$t262jhZ84bKLDkHmXlllhVP4XVGnTKIYWciS0eFQLyE=	\N	f	0927921057	 سحر محمدزاده 			f	t	2020-11-18 14:00:23.275544+00	t	f	\N	\N	\N		\N	d31b8251-eee0-4df5-9019-2601ae4d9422	\N
61	pbkdf2_sha256$180000$CEuJv1UerEcT$fy4SL6oSYdZ0P/T+Bs0Lb/UVT3StQ/xc4mLEtuH5UNg=	\N	f	0927026023	 کیمیا صباغ معینی 			f	t	2020-11-18 14:00:23.498961+00	t	f	\N	\N	\N		\N	bc40cc97-f888-4c48-a50a-bb18cfefd60e	\N
62	pbkdf2_sha256$180000$IxS8O7PSDwic$hOuNdMH0xP61UxgXzdjDS0zy+tTjRRCklVaw/lJje0Y=	\N	f	0927126710	 کمند کفاشی 			f	t	2020-11-18 14:00:23.706865+00	t	f	\N	\N	\N		\N	9bcca278-9a3e-45d4-8e33-77b60de1006e	\N
63	pbkdf2_sha256$180000$I8TGMbCjv1lf$v14l+LQk6VJOhwgr0PpnTgRM3fgEoggEMo6uGIFhw1k=	\N	f	0927174383	 رومینا امینی			f	t	2020-11-18 14:00:23.920277+00	t	f	\N	\N	\N		\N	8923ccd3-600c-4bfd-b7b6-5861368bbaf7	\N
64	pbkdf2_sha256$180000$YPVPyKILIoz8$k/953HUsBqLjxhS5zDitk8wrhegJDzwMf6GekTuCXgQ=	\N	f	0926858793	 فاطمه الهی مقدم 			f	t	2020-11-18 14:00:24.142077+00	t	f	\N	\N	\N		\N	075acf9e-9cbb-4555-a1ea-da01f8360868	\N
65	pbkdf2_sha256$180000$FzQ25lTKWdcm$UfRjSryv3gHkH2Ka2VT3FEcP1ENhxVm9pzt2yX+fmLI=	\N	f	0927037981	 تینا ابزن 			f	t	2020-11-18 14:00:24.400156+00	t	f	\N	\N	\N		\N	7a368694-e8c7-46e4-904e-ec12eb4065fd	\N
66	pbkdf2_sha256$180000$dVseSEgVfFRI$B17Q+pYDcogVMAnAqSG9LyLP95yRZzxM9vpLyopLyi4=	\N	f	0927093741	 ملیکا نظامی رشید			f	t	2020-11-18 14:00:24.653316+00	t	f	\N	\N	\N		\N	31c1ed0f-60a8-4eb1-aaa9-023684c30582	\N
67	pbkdf2_sha256$180000$8tSzoJRbh5VY$uZo4H2I55avFlL2+HtvcE2N2U6oBzomWvcFDfzl5Xyk=	\N	f	0927576155	 سیده نازنین دفاعی 			f	t	2020-11-18 14:00:24.911755+00	t	f	\N	\N	\N		\N	e30c31c5-896a-46bb-9286-0d03480cd04c	\N
68	pbkdf2_sha256$180000$OaQtz2bnoPTY$lrjV492/wzdSkPgFXRxi6Ibx6gqeeZkuK4FrYZbG2gA=	\N	f	0927462176	 زهرا واحدیان درگاهی 			f	t	2020-11-18 14:00:25.149852+00	t	f	\N	\N	\N		\N	10f18495-0ac4-4af6-81b9-091ab1146879	\N
69	pbkdf2_sha256$180000$JHFV6SWojJaU$SklL75lyU8jjXQj4oinccP4apALhOluHBt8vdPexFzg=	\N	f	0927842297	 هانیه حقانی چهنوی مرادیان			f	t	2020-11-18 14:00:25.360363+00	t	f	\N	\N	\N		\N	6fdd0952-358a-4c5b-ba91-c8f757fc5660	\N
70	pbkdf2_sha256$180000$9enGVgCjJ8IK$WqJH/cqVvTYh0MbRALUTbDK0HYfdQ/j17dSYtsqlwf0=	\N	f	2051348774	 بهرام عبداله زاده 			f	t	2020-11-18 14:00:25.635076+00	t	f	\N	\N	\N		\N	8575a373-9d51-48f0-809b-dcfc0707de34	\N
71	pbkdf2_sha256$180000$EVoHGFp54tDq$V6Nh6eklNrAbHu0myO8pHkwIVPAP8M1Zv8pvIoe55OI=	\N	f	2051320225	 سیدحامد هاشمی 			f	t	2020-11-18 14:00:25.845277+00	t	f	\N	\N	\N		\N	8d148243-57c5-42dc-99e1-5153ccbed86c	\N
72	pbkdf2_sha256$180000$58LLLKU2ZxFe$Y6ayB13str1aZzN5ChluUSv4gSKQhXeATUvmBm+20JE=	\N	f	2051294623	 سیدمحمدقاسم هاشمی			f	t	2020-11-18 14:00:26.071812+00	t	f	\N	\N	\N		\N	550fec37-7b68-466c-bf72-f656f76d598c	\N
73	pbkdf2_sha256$180000$OA40z0ZmSdc5$cEY6yp3ItqgCrLYrAAKPv6Lf5eiAWWzfEVqjfCfUoFo=	\N	f	0927199769	 فاطمه فخار شاکری 			f	t	2020-11-18 14:00:26.340726+00	t	f	\N	\N	\N		\N	3cbf737e-1d60-41eb-9480-63458a7def74	\N
74	pbkdf2_sha256$180000$bgcM8KOYcDRo$XCTY8g3ymPIMqzHKYf1lPYfZyF2grOgDuWOKMQaZ768=	\N	f	0840317212	 هدا دهقانی 			f	t	2020-11-18 14:00:26.549185+00	t	f	\N	\N	\N		\N	8b52d5e7-7e88-4f96-9bad-b393f0ce5fa0	\N
75	pbkdf2_sha256$180000$Oby9m8vz4Qqf$8WWmfhxZ0j1CoZBL/byrjMdBwJhOwzaZisETdgYMJRI=	\N	f	0927469901	 سیده کیانا فراهی			f	t	2020-11-18 14:00:26.767728+00	t	f	\N	\N	\N		\N	7c44c928-0340-47cc-a843-92a048c6faa2	\N
76	pbkdf2_sha256$180000$RXwcD8Bc8VhQ$AiEL+0TnF3x6oTlAASLq8cmn6lhU6PL85l2ufoQ/bW0=	\N	f	0372926088	 مطهره نوری زاده 			f	t	2020-11-18 14:00:27.000843+00	t	f	\N	\N	\N		\N	07296f8d-5f23-4773-863a-6f7cd206ba85	\N
77	pbkdf2_sha256$180000$8Hzc2TJLDnSp$rDPz8PrUtqycpfbLpT1ZbRd1Duw0g3kAhskm9PwvxgQ=	\N	f	5750129845	 حدیثه رجبی 			f	t	2020-11-18 14:00:27.268042+00	t	f	\N	\N	\N		\N	8efcfcf2-8a40-40a4-bf35-d72a5a19673c	\N
78	pbkdf2_sha256$180000$nrqIFNjiukNC$3DSoNiRnYmSnkmQtK0bp9jDYfNnCAg2R40AkcaenWCA=	\N	f	5750125920	 حمیده اسکندری			f	t	2020-11-18 14:00:27.511799+00	t	f	\N	\N	\N		\N	2d349faf-f3c4-4a8e-bec6-684968d2c2d7	\N
79	pbkdf2_sha256$180000$VVwCk2rniQYR$lkDbC44JnsIsyBwocv8v5HFJtAqr+N8pd7Z/rDpJZK0=	\N	f	7110000486	 امیررضا یاسری فر 			f	t	2020-11-18 14:00:27.771774+00	t	f	\N	\N	\N		\N	ebf78d02-205a-4859-8592-59903ee16d22	\N
80	pbkdf2_sha256$180000$s3sDy3n0PFfJ$fWwddwn+vN19U9DTBV8wse8Zq3Z3GaE9MdAVw1qBY0c=	\N	f	2051251975	 حسین محسنی نیا 			f	t	2020-11-18 14:00:28.01679+00	t	f	\N	\N	\N		\N	11d1c434-e853-4e37-a359-52147834faee	\N
81	pbkdf2_sha256$180000$LoiYa4XHYKmv$kWBpXwXpa4Ft37FRTUyRpBNOe+KHxqAxxfjDQZ0/vfk=	\N	f	2051229635	 علیرضا کاظم نسب			f	t	2020-11-18 14:00:28.254874+00	t	f	\N	\N	\N		\N	3bfce9b5-d62c-4eac-9289-8a8b4b4f1b30	\N
82	pbkdf2_sha256$180000$B7Lm1Tl6QtOO$JV0XWMJ8glMlVUlXD+0Yru3CsgHFlj6rQ2+X3+IIf6E=	\N	f	2380551650	 اذین برامکی 			f	t	2020-11-18 14:00:28.476482+00	t	f	\N	\N	\N		\N	3435e08c-6ba6-4564-b20c-1872a5790303	\N
83	pbkdf2_sha256$180000$DsRKp6sxvjJv$KRCTY93+X/3/h357Ha40B/837tjKsInaLMl1kpD1MNg=	\N	f	2284078249	 فاطمه گل اذر 			f	t	2020-11-18 14:00:28.687157+00	t	f	\N	\N	\N		\N	8d8ea6a1-aea1-4354-9373-b9c55e1858c2	\N
84	pbkdf2_sha256$180000$QDzf7u0nAMvj$rstVp9BCmudDrkE+q61Yth7Mnn8KQYhp/eMuS/rePp8=	\N	f	6650067709	 فاطمه صفایی زاده			f	t	2020-11-18 14:00:28.902831+00	t	f	\N	\N	\N		\N	89ba794e-4c31-4740-b708-a9afd58b46f8	\N
85	pbkdf2_sha256$180000$Q0epFpMgDB2t$A1TldZz44H1f7JYhf9e4j/5l7zENxzF+T/6B216FjfQ=	\N	f	1274412781	 سید پارسا غروی 			f	t	2020-11-18 14:00:29.122922+00	t	f	\N	\N	\N		\N	a5f4b580-a93c-418a-b8ed-c39b8782d523	\N
86	pbkdf2_sha256$180000$5UgCLMnlrKct$gYowN06ZNmliJeEDCJEjwPz/XXMko6zDUUNo7Rs89zM=	\N	f	1274581885	 شنتیا قدسی 			f	t	2020-11-18 14:00:29.328712+00	t	f	\N	\N	\N		\N	977d6c0a-659a-4cec-9ea2-7a5c8935324d	\N
87	pbkdf2_sha256$180000$1OtWO4Snr3im$Ft2QCZ3VgCW0Rdtr6N1sqSo7O16Ex9K6nMXq6QnIpQM=	\N	f	1274593468	 محمد پارسا  زمانی			f	t	2020-11-18 14:00:29.539536+00	t	f	\N	\N	\N		\N	38470ad4-640e-4b26-b34c-cca2480bc32b	\N
88	pbkdf2_sha256$180000$aXE2Fgh91GwK$yt+0IGJz0A3kBXR6FuckDanB0DOsoO8vXrGpHbseTQI=	\N	f	0927776618	 سیدحسین عدالتیان حسینی 			f	t	2020-11-18 14:00:29.790456+00	t	f	\N	\N	\N		\N	a4aea2b2-f15d-42b6-8dee-18972f633bca	\N
89	pbkdf2_sha256$180000$S1wy6wmblUDR$HUHrmkkujsLK8ChB7qsU7QlrP/+lIJar4eVce5KAvHY=	\N	f	0928069206	 پرهام ترکان چرخ 			f	t	2020-11-18 14:00:30.010091+00	t	f	\N	\N	\N		\N	f1005c53-6ffa-4ae4-8185-a63fca414e2d	\N
90	pbkdf2_sha256$180000$ZEwqMGwOIPmr$BB5LbYnoJPtJZnx4Fj0h/f2epHjf0LZ/7ah8vZnHWNg=	\N	f	0928835804	 محمدعرفان پوری			f	t	2020-11-18 14:00:30.213987+00	t	f	\N	\N	\N		\N	5be974ab-fb42-4173-b6ce-83206cf9b466	\N
91	pbkdf2_sha256$180000$pnvLrlLgf6S6$YnLwdiHaSxKz/GAehxqKK0XRgPM2VX0QMTsSDlngh3M=	\N	f	0928233375	 پویا پورزکی 			f	t	2020-11-18 14:00:30.438004+00	t	f	\N	\N	\N		\N	51433f06-10c1-469d-8359-4b7284d876a8	\N
92	pbkdf2_sha256$180000$kyAi3UAftQqx$c66uXa7GgNXx2zv/4zJC/ZA0Z89YTSUqH55A78eKCwM=	\N	f	0927857227	 ایلیا اورانس بخت 			f	t	2020-11-18 14:00:30.652217+00	t	f	\N	\N	\N		\N	aad16069-78e4-4702-bf7f-5cb01d6a66c3	\N
93	pbkdf2_sha256$180000$qUea7IkNSQCy$ZKuhYYo1jb2GDtXyPHm7FpclcBMdj2/bVfp1KYsyzDA=	\N	f	0927784920	 سیدامیر شهرستانی			f	t	2020-11-18 14:00:30.876193+00	t	f	\N	\N	\N		\N	31d14603-69ce-42fe-a19d-378a87fa75d8	\N
94	pbkdf2_sha256$180000$EVC0jquN5woE$k619fnvuNJLpiaWF3Krpzdv4F4mYWmA+OE1XlepXuWU=	\N	f	0927869284	 محمدحسین میرزایی فرد 			f	t	2020-11-18 14:00:31.116409+00	t	f	\N	\N	\N		\N	9a9ad10c-215c-4f0f-b408-7a46b155d114	\N
95	pbkdf2_sha256$180000$nQh3CudxTmGs$96Wx0pNtR1ZmQBBLz3Te25Ev+eWuhtTwDDIDrjlmFvs=	\N	f	0928008061	 سجاد خضری 			f	t	2020-11-18 14:00:31.331008+00	t	f	\N	\N	\N		\N	7f82ed9f-61b2-4f96-a21a-cd14eae729b8	\N
96	pbkdf2_sha256$180000$Ec0y3M5Hv2Z5$jueUfe7kUUef99Axy2sUaJ5nYcMJHGNU7sIwW4/H1gM=	\N	f	0928129519	 ایلیا کدخدا			f	t	2020-11-18 14:00:31.539469+00	t	f	\N	\N	\N		\N	2c56beeb-46cc-4465-8a2a-88b3c088f998	\N
97	pbkdf2_sha256$180000$LGDLsK2cXOKI$1MgFDHdyRxXaanUW6WRzJYnOZ6WmlxNHdtuOFeVPfIk=	\N	f	0928384985	 محمدرضا نعمتی 			f	t	2020-11-18 14:00:31.796817+00	t	f	\N	\N	\N		\N	e84f3f78-b5fe-43f4-b356-401a2d7a5ce4	\N
98	pbkdf2_sha256$180000$j8UAqSAJEcyV$vSquUnKSO7rYDnAx7VjIk8hZPN0PVU6lbGR2hysQ1ss=	\N	f	0927900394	 صدرا صفاپور 			f	t	2020-11-18 14:00:32.013153+00	t	f	\N	\N	\N		\N	485b6063-d2fa-40f2-bc83-b887e40ae726	\N
99	pbkdf2_sha256$180000$KWC0Ohn67ZAj$zcjVHeeoGyyd1Hu5ESalvvkuAe3CIzsinXQhOlGdTEE=	\N	f	0929018575	 دانیال خزاف مقدم			f	t	2020-11-18 14:00:32.225821+00	t	f	\N	\N	\N		\N	7466d2a4-f471-44e8-a831-b3aa96a9754a	\N
100	pbkdf2_sha256$180000$W0C32FniNHVI$mCHdI8h3vfdQOzNwjUTcxI41CHvkotdMkVG91DjY8gM=	\N	f	0928346803	 مهراد عسکر زاده 			f	t	2020-11-18 14:00:32.53036+00	t	f	\N	\N	\N		\N	1624d8df-0879-4b4d-84c7-bc9048b8e0a9	\N
101	pbkdf2_sha256$180000$hHGjVIMUfWph$N+9l/W/PsUzMWnK1HJFPOkUnWkGeUxu5KsOdiObLoF0=	\N	f	0928164993	 سیدعلیرضا نوربخش 			f	t	2020-11-18 14:00:32.780303+00	t	f	\N	\N	\N		\N	5a07f61f-fd03-4eed-9e25-8d5aa0bf3a90	\N
102	pbkdf2_sha256$180000$yZynhaKKHDPD$Uz5eJeo9MEZG+gH1GxTq5x6wNfPcC14T0A1Om2wgKOA=	\N	f	0927903725	 بنیامین اروین			f	t	2020-11-18 14:00:33.044096+00	t	f	\N	\N	\N		\N	04dca089-21f8-4e95-8d58-72ac80a08fb7	\N
103	pbkdf2_sha256$180000$aD4I5jvlYp9y$uNdE0IcjMrku25KK6iUggz3hg9PEDeDEctCEmp2wMCs=	\N	f	1250814502	 محمدیاسین اسماعیلی 			f	t	2020-11-18 14:00:33.251659+00	t	f	\N	\N	\N		\N	d7fa8ece-7159-490b-b372-5b0a16f8355e	\N
104	pbkdf2_sha256$180000$EOGc0cRlBWrS$1QwEtEIglK8XrbWkcDcio1aGkOQdKdJ83erwDsxQ2J4=	\N	f	1274625718	 مهدی افشاری 			f	t	2020-11-18 14:00:33.470981+00	t	f	\N	\N	\N		\N	e230520d-3a3f-47d7-a236-e515ce083637	\N
105	pbkdf2_sha256$180000$OQT23yYHUCdS$PJ2yhPDJ624CdVNW7eeqx8+4N2Umkzt20nnZb5Ng9ss=	\N	f	1274523699	 علی رنجکش ادرمنابادی			f	t	2020-11-18 14:00:33.700964+00	t	f	\N	\N	\N		\N	7c40df20-7125-41bd-a64c-389fecd9328f	\N
106	pbkdf2_sha256$180000$tUxa55P9Chmw$OFZL4ZOVZyj5ebt+5y42tS0OjCjbtG9sPCqNM1+QIl4=	\N	f	1080669922	 امیرحسین ستاری 			f	t	2020-11-18 14:00:33.904216+00	t	f	\N	\N	\N		\N	2a642198-cb40-4d65-a068-78b87e53df76	\N
107	pbkdf2_sha256$180000$uVNQqlyzhfdI$ClAZMUvVD/aiHVYvece2SqWGpHHrFqv7+HLTRrAnR80=	\N	f	1080676422	 ابوالفضل محمدی 			f	t	2020-11-18 14:00:34.117536+00	t	f	\N	\N	\N		\N	25ea049e-0f26-4fa2-87dd-8ab306165f82	\N
108	pbkdf2_sha256$180000$95TZv4f164g6$4wT/m27L6zNPQItnwCoIw3xiRsmXaiRFNP6SWhnLU9I=	\N	f	1080677615	 محمد امین رهبری			f	t	2020-11-18 14:00:34.360505+00	t	f	\N	\N	\N		\N	1c18c301-1962-4b16-b05c-0c5b0cdd7ad1	\N
109	pbkdf2_sha256$180000$NHHCIE2wvRrv$Asocg/tzW/dXk5IHBsG0c2XUIobI0t67mxgSNPkNnzI=	\N	f	2284231667	 نیوشا جعفری 			f	t	2020-11-18 14:00:34.603383+00	t	f	\N	\N	\N		\N	6ad54b05-7041-414f-9ecc-441b1c1bc169	\N
110	pbkdf2_sha256$180000$r0mYl9Ka4h22$2zQnH35iNDFkKKEqZNspg41AXJlpc73d25TkD0Ua47g=	\N	f	2283944295	 مژگان امیری 			f	t	2020-11-18 14:00:34.818599+00	t	f	\N	\N	\N		\N	51ca5391-2a73-4614-9681-9a57583e5b1e	\N
111	pbkdf2_sha256$180000$aAyd8n1cc0My$czAodLPWTfeLFDqy3HKyAVxM3Ujew5qtPYxaHYJ6xwY=	\N	f	2284118127	 زهرا علی نیا			f	t	2020-11-18 14:00:35.04334+00	t	f	\N	\N	\N		\N	05036b60-fae4-4ec4-83e8-216ab19e4a4d	\N
112	pbkdf2_sha256$180000$6jMigBrCng25$bvIfreWDu1N6sGFNkTYJP1ZgmmvirxrT3e2Iiump9nk=	\N	f	1274437611	 محمد صادق جباری 			f	t	2020-11-18 14:00:35.281842+00	t	f	\N	\N	\N		\N	a0476eda-8bc0-464e-942c-6c2312e985f7	\N
113	pbkdf2_sha256$180000$4oYvsZn41fH0$ZCqFBXid0xrOrvLKny9RgLTA9uxp+SUZ0JVMPnSW9i4=	\N	f	5410276965	 حسن خواجه 			f	t	2020-11-18 14:00:35.47847+00	t	f	\N	\N	\N		\N	b035f9ab-7f94-41f8-a876-e796ed25c00b	\N
114	pbkdf2_sha256$180000$7oK0nbxjLgQq$Hp57zczt6D4aMJMceH5EwLWU//IYEapwaOqXla6YU3o=	\N	f	1274467535	 پارسا اسلامی			f	t	2020-11-18 14:00:35.695398+00	t	f	\N	\N	\N		\N	e5831eb1-3bd1-4233-a9eb-30e74b07b762	\N
115	pbkdf2_sha256$180000$6t1SNtokOwOs$JiPLq82U+wOg73zux/eG3Tt6VI5WZ+BX4PdMCXEa25g=	\N	f	3490625811	 رضا تدین نیا 			f	t	2020-11-18 14:00:35.925386+00	t	f	\N	\N	\N		\N	603aaecd-16c7-43f9-a9e6-5cfeaddbdc88	\N
116	pbkdf2_sha256$180000$mf0mRxHhbE5i$Zo3pvP3OwKJFV+Ua5bH0dThdbg+jB3SLa8x14ytuBKg=	\N	f	3490626990	 سپهر درویشی 			f	t	2020-11-18 14:00:36.14126+00	t	f	\N	\N	\N		\N	1209729a-de43-4273-acfd-9d301860c48d	\N
117	pbkdf2_sha256$180000$TIXIrY8nZ1pt$+A5sYWlSqnZRIqJFw4HotMqRFOGqIuo5kgHDfTwBzg4=	\N	f	3490649559	 ماهان داد			f	t	2020-11-18 14:00:36.355118+00	t	f	\N	\N	\N		\N	e0fba03c-44c4-44d6-9cbe-89131bd21e77	\N
118	pbkdf2_sha256$180000$oQ53ctQ6FeJY$LB5jAHMbri1p4SPMZDXbwIUSx7/jJwq1utsNkzrlUeE=	\N	f	1080701389	  نیلوفر محبی 			f	t	2020-11-18 14:00:36.587116+00	t	f	\N	\N	\N		\N	6dfb562b-c949-4e44-afc0-9d13cd9e842d	\N
119	pbkdf2_sha256$180000$ltqK3CMT1GsV$eOBUCAg/9yIzfHPioNUjjEqQTdJFRpRHLycibeqJUaM=	\N	f	1080662324	 مهشاد خانیان 			f	t	2020-11-18 14:00:36.785174+00	t	f	\N	\N	\N		\N	d8c9e22b-dff7-43f8-baee-8652265dfeaf	\N
120	pbkdf2_sha256$180000$vQDMLYiz967y$ZVlma66qLQWH3j9Jqt/iT6buhOFwHYHpngSwvp/qEe4=	\N	f	4610944332	 مهشید عزیزی			f	t	2020-11-18 14:00:37.004702+00	t	f	\N	\N	\N		\N	2f983b68-ac2a-4740-9665-8a2b9fc58bb3	\N
121	pbkdf2_sha256$180000$tq1MBphCyKPR$TzD85pVLk9pfcXqMiH+zVFTzmY1Wg/UUVE0/9DHmEw0=	\N	f	2283919800	  هانیه راجع 			f	t	2020-11-18 14:00:37.260526+00	t	f	\N	\N	\N		\N	b0002312-19bf-4dd6-b127-8cd71aad07c3	\N
122	pbkdf2_sha256$180000$oapSNnMqvuTd$0U5EuZ4hv24FCsmIZe0lEoCtmF0EEJZWe0V9X08ZgVU=	\N	f	2283943426	 زینب سعادتی بردجی 			f	t	2020-11-18 14:00:37.495029+00	t	f	\N	\N	\N		\N	fb77844a-ed5d-44f9-9d9f-36c27ebe00a9	\N
123	pbkdf2_sha256$180000$aoyZjMBgvtxt$/NAp44IfpoOUmiYGDcVBfp085AgoxhhCKwVIosG7G8U=	\N	f	2284041523	 بیتا زارعی			f	t	2020-11-18 14:00:37.753834+00	t	f	\N	\N	\N		\N	6c60e795-12d3-4224-8e24-5740eb66c986	\N
124	pbkdf2_sha256$180000$FJOWXTMxG4Fp$6BIF7r02hlnHrw0aCj6FYagFwrvF3imq10In51xHSnY=	\N	f	2283983983	 صبا  صداقت 			f	t	2020-11-18 14:00:37.968319+00	t	f	\N	\N	\N		\N	be515798-90e9-46a3-9982-0bfda9591a3f	\N
125	pbkdf2_sha256$180000$IGfhqWnY81Q4$nkGQ+nNHueMqCDPIk4yLhngQr2cgqPV9yBExA+PykFw=	\N	f	2283970709	 پادنا میرزایی 			f	t	2020-11-18 14:00:38.185011+00	t	f	\N	\N	\N		\N	9cea1d26-996d-4c96-b05a-c47aba8b6343	\N
126	pbkdf2_sha256$180000$IrEvPUHudRso$Bh9KXyIcCPnGe/IGxVE6IUzKhnmsKctVPi6+d7I9auo=	\N	f	1940899265	 نسترن شوکت			f	t	2020-11-18 14:00:38.402454+00	t	f	\N	\N	\N		\N	1fe54925-62d4-4b86-804d-6b79789c13b4	\N
127	pbkdf2_sha256$180000$1fxKyScjRxoF$a1mA8IUjBYGb8EPQz8KPt1+BrwPVRF4BIrMFy8LloxE=	\N	f	1274485381	 حریر  جیحونی 			f	t	2020-11-18 14:00:38.626628+00	t	f	\N	\N	\N		\N	57dcd951-1842-4182-b271-263c873d2e9f	\N
128	pbkdf2_sha256$180000$knVl4Ftt7pee$RTnncEglBUNHKzkCVRDmupDobLiMc8MNZ91szSEpWl8=	\N	f	6090097586	 مریم نادری 			f	t	2020-11-18 14:00:38.834408+00	t	f	\N	\N	\N		\N	8b627e47-b9f0-4cdd-abda-f0ebcbea0ba8	\N
129	pbkdf2_sha256$180000$oR0YZwwEB4v3$f4zfgOgsMdCn+xEPx9uQPSDFEiSlZxRDCzLNQUM95WM=	\N	f	1274447062	 نگار محققیان			f	t	2020-11-18 14:00:39.073171+00	t	f	\N	\N	\N		\N	a7a90179-261d-450c-ad99-b2b10abc8a42	\N
130	pbkdf2_sha256$180000$NFHyLXsDVG1i$NXdJLoqtPD7L/a2Iriu27bgash5ZNjiC5HhMxHhkfMM=	\N	f	1274822246	 روژان غفاری 			f	t	2020-11-18 14:00:39.297143+00	t	f	\N	\N	\N		\N	fdb0bfa5-f3ef-4d71-accd-95055a6ea04e	\N
131	pbkdf2_sha256$180000$onnLQ7QrCf1p$Raf02r7cZ3VOVD2k2+XZyN04SxvaKEP3V8XIlRFpLIY=	\N	f	1274878012	 نژلا موسوی زادگان 			f	t	2020-11-18 14:00:39.505049+00	t	f	\N	\N	\N		\N	a1508998-52a2-41b9-9271-d9c08aa8d45b	\N
132	pbkdf2_sha256$180000$zSXIGWokt9Kp$HAIjNwv4A44M+IZOuycT++oG0HcL2IEq5Cer38WiLfw=	\N	f	1274720621	 یاسمین رشتی سیدنا			f	t	2020-11-18 14:00:39.724996+00	t	f	\N	\N	\N		\N	dae192b2-6f1f-492e-8f34-7657b5b3d415	\N
133	pbkdf2_sha256$180000$gokBRF57tzaI$yGOkoho++Nh/tink7bbQDKW8dKAuPYHJWwbf+zUvIVk=	\N	f	3920963962	 مهدیه ملکی 			f	t	2020-11-18 14:00:39.945479+00	t	f	\N	\N	\N		\N	efa3f8c2-08ad-4944-8861-1f72f4c5e8b1	\N
134	pbkdf2_sha256$180000$W14OOflIBOmF$68RiGKkfs3qicakMR+4SmcRwFHzm3eDddTObd4C/6YQ=	\N	f	0927094274	 کیانا طحان 			f	t	2020-11-18 14:00:40.165177+00	t	f	\N	\N	\N		\N	6dfc640e-1f79-4772-bfac-8b772d25a0fb	\N
135	pbkdf2_sha256$180000$QqBcwpF1C5cZ$JvEmHZk8UxI0ZdWpTHOJ9ekECCB26cXrKUmxSTfYTWM=	\N	f	0025529927	 پری ماه معبودی			f	t	2020-11-18 14:00:40.382861+00	t	f	\N	\N	\N		\N	11f95c17-aca5-452c-ba42-779796301cb0	\N
136	pbkdf2_sha256$180000$k5ySXCqJcCsl$YWj7Oxp4QJelvg+gOqQ/A3/UwAJFnPRWSzls/A7oIKY=	\N	f	2460539835	 فاطیما کلوانی جهرمی 			f	t	2020-11-18 14:00:40.642409+00	t	f	\N	\N	\N		\N	c1f20ceb-1333-4500-ac82-31a1bf0cf33c	\N
137	pbkdf2_sha256$180000$IQS0uwD6CBvZ$efrt+UvA51BngCwfuhYDRMNT6CvwhCfMyUP+1Iz3ZZE=	\N	f	2460551541	 ملیکا کوشکی جهرمی 			f	t	2020-11-18 14:00:40.85729+00	t	f	\N	\N	\N		\N	9116880c-7a86-40eb-9379-09bd3ed8a191	\N
138	pbkdf2_sha256$180000$H0SLM3d8fJOu$wcFObVZ486ODOLIt2fo3AiMtprHcIPbNkxsiIqEgaPQ=	\N	f	2460550898	 فاطمه  زارعیان جهرمی			f	t	2020-11-18 14:00:41.114403+00	t	f	\N	\N	\N		\N	2d05e1b1-ac65-4625-b668-99ba799bc16b	\N
139	pbkdf2_sha256$180000$kQ05zom5OuEr$Sz9ZOvcqaLB7EmbQ1p87LJayEr5/jW2uZAjZarnUkYk=	\N	f	1274866359	 غزال شریفی 			f	t	2020-11-18 14:00:41.34488+00	t	f	\N	\N	\N		\N	9adc646a-4f84-4a26-af29-aa9fc7e3e4c2	\N
140	pbkdf2_sha256$180000$G3bdzRzYUJyc$JNecsYuidLUNQw4PUiC62HTN7K1A2VmMH0rSFXNRYWw=	\N	f	1080751645	 نگار عرفانی 			f	t	2020-11-18 14:00:41.585844+00	t	f	\N	\N	\N		\N	a1685022-db0f-4423-b1a5-3f318a81e98d	\N
141	pbkdf2_sha256$180000$aMKruBsJF6Ii$maluT1XnOOd3CbehmJ+mIRASx/dYUd88FUCjhUt0jcs=	\N	f	1130733912	 زهرا جلالی			f	t	2020-11-18 14:00:41.80885+00	t	f	\N	\N	\N		\N	35b0371a-79ac-4951-8bc4-e0909b9c0aec	\N
142	pbkdf2_sha256$180000$HuOOAjUot6Ys$xmhWVOIgFu9NWqnNfgdeRSmCpdoLOC/ivbNJyS3clNo=	\N	f	1274444039	 کیانا احدی پرست 			f	t	2020-11-18 14:00:42.052138+00	t	f	\N	\N	\N		\N	9fa9f960-64a3-4e24-a61d-d0728228f7ea	\N
143	pbkdf2_sha256$180000$dSX0nwCTEkzq$QvAFD4CXbnuhsg59sFXH5jpnPEOBvWxDP311V0dT39c=	\N	f	1274622379	 شقایق امینی 			f	t	2020-11-18 14:00:42.292642+00	t	f	\N	\N	\N		\N	197d1a31-da3a-49a3-a712-a3cefd47a60b	\N
144	pbkdf2_sha256$180000$dONpBWU1vxLn$U/URdsirioz67dyLMoORSlwoAkJ4+uWLTqt4L365y88=	\N	f	1274540471	 لعیا باجغلی			f	t	2020-11-18 14:00:42.556759+00	t	f	\N	\N	\N		\N	2d9ab869-4387-46d0-b965-1cdbe91aaf65	\N
145	pbkdf2_sha256$180000$0EI4gvltD2PY$6/4BR7rSv9dI0hsv7VsVF5UT+QFph95XApvrI8+M8do=	\N	f	1274606888	 چکامه چینایی 			f	t	2020-11-18 14:00:42.853202+00	t	f	\N	\N	\N		\N	7e4c13aa-3c7e-467f-a3b2-262d74dcaaf6	\N
146	pbkdf2_sha256$180000$oz4VWW9sW97i$CaQgo6r7qVeeyb+Iel7buNbtLI/yAKNSCpg7YJSXijg=	\N	f	1274557844	 سارا احمدی 			f	t	2020-11-18 14:00:43.113431+00	t	f	\N	\N	\N		\N	88f247bc-54ee-4082-a5b7-f8403a3999f3	\N
147	pbkdf2_sha256$180000$6LBqc3x6z7WW$cH7ReXMHXZs3cVrFfds3jmXZvimwQgucUh8pq+IIjmw=	\N	f	1274595770	 زهرا نوع پرست حقیقی			f	t	2020-11-18 14:00:43.329261+00	t	f	\N	\N	\N		\N	2dadd221-5d46-4b2f-a7d2-77cb549904cf	\N
148	pbkdf2_sha256$180000$PkGqFdeG5uqg$kOP/8/wvzbLd5at7YkC+qRgEnxTVYvZyz0ZpzTWSFMg=	\N	f	6200121621	 معصومه میرزایی 			f	t	2020-11-18 14:00:43.555554+00	t	f	\N	\N	\N		\N	1b7158f8-d946-4d8b-bf34-f950f59f116b	\N
149	pbkdf2_sha256$180000$crSeDa1Jii9o$c+wiTQh6rhdr+uqtLlrCIWiWSz3gAFKB40pzkhE8K90=	\N	f	1274757835	 نرگس نورمحمدی 			f	t	2020-11-18 14:00:43.775595+00	t	f	\N	\N	\N		\N	409b613d-fa82-4856-b4ce-8988f02be82f	\N
150	pbkdf2_sha256$180000$SOr1XMAFwqdl$QqB/HeJxBJ1FBLtCDMKd+YSF0u5n6G3fxu3yrdEczfw=	\N	f	1160534306	 سپیده سبکتکین			f	t	2020-11-18 14:00:43.991083+00	t	f	\N	\N	\N		\N	1b78bac5-9c23-4644-8d91-321db9b38197	\N
151	pbkdf2_sha256$180000$KhQB504HDF8T$hjhuoJk1UTlVacpWeQ/Q16sajAJ/Ew/zcTsf2P5Op9E=	\N	f	2500629244	 مریم سعیدی 			f	t	2020-11-18 14:00:44.200802+00	t	f	\N	\N	\N		\N	dcf42460-23d5-4a7b-94d6-d55c3c8d1fa1	\N
152	pbkdf2_sha256$180000$0oZruiT3vUOY$OdHxcTZLFDuGW1ZGnGzyWnuKpvE55nGDd29tPYRbb5o=	\N	f	6560075257	 زهرا نجاتی 			f	t	2020-11-18 14:00:44.440658+00	t	f	\N	\N	\N		\N	f0f44efe-a442-422d-b6c9-79e9dfffc0da	\N
153	pbkdf2_sha256$180000$l3EMaBmNbxV3$E/YKHg/MttyD4hfN53hZoivGj1qNysvVcQV6dvqDkEs=	\N	f	2500601293	 موهبت فدوی			f	t	2020-11-18 14:00:44.667222+00	t	f	\N	\N	\N		\N	ab4298e1-01af-49cf-9184-ff822f2ba2e0	\N
154	pbkdf2_sha256$180000$L97tFFe2ygZC$cECiGRy+SNCqiEMFdts+06jhq7LUNM67OaH+RkAGq3k=	\N	f	2051388555	 سینا مهدی پور 			f	t	2020-11-18 14:00:44.906756+00	t	f	\N	\N	\N		\N	31c02aa3-63b0-41f5-bd74-e2c167df10b9	\N
155	pbkdf2_sha256$180000$YUrsdGgl3bMl$hmNj/+yKMEmMfFh3aS0J5nFT4iIAiWpw4ZgknBZQNWs=	\N	f	2051354545	 محمدرضا قربان زاده 			f	t	2020-11-18 14:00:45.113832+00	t	f	\N	\N	\N		\N	14185b92-9e59-474c-8d6d-335d60712536	\N
156	pbkdf2_sha256$180000$XB4UgHe8DIf7$Kxw7z3Ee5D/7iScks/u1uiWrUKXA3NZloGD2PfaeKMY=	\N	f	4980454402	 علی منصوری			f	t	2020-11-18 14:00:45.33385+00	t	f	\N	\N	\N		\N	cb7a7c92-2bf0-456d-bf21-ced6991528b2	\N
157	pbkdf2_sha256$180000$eGaRQooPX4dk$OmaB/uKi4/LEk/LCGIZiCEhA3JiriQ+CtFnxh+cssFo=	\N	f	1274624916	 وانیا  منشیی 			f	t	2020-11-18 14:00:45.557542+00	t	f	\N	\N	\N		\N	ce549b87-1f64-4515-871c-68f8bd6c8cfb	\N
158	pbkdf2_sha256$180000$zHhiGCNG675U$gQptQ2Kec+F7IPnpLn6/b7IagMbPyGUSHsh59SUbqSM=	\N	f	1274435765	 گلرخ مهرعلی 			f	t	2020-11-18 14:00:45.786416+00	t	f	\N	\N	\N		\N	4bb2750c-1427-4c92-aa10-9a07ccf2fdcb	\N
159	pbkdf2_sha256$180000$CZsADvRw5aHm$uBcC152K62qiFSzNSbfuK5hjAKw/oF0Zl3IUX4RSu68=	\N	f	1274384281	 یلدا واعظ مقدم			f	t	2020-11-18 14:00:46.009009+00	t	f	\N	\N	\N		\N	076f1f40-f87d-4ca2-9452-04d2c1e940a1	\N
160	pbkdf2_sha256$180000$PUnzsq0JfvJq$25ZeGYAndwKj9EhSvRbO6vty7++k7dRqoeDy7vimkMw=	\N	f	0312832923	 اناهیتا سلیمانی 			f	t	2020-11-18 14:00:46.258651+00	t	f	\N	\N	\N		\N	4beb501e-fe8a-4719-9491-3d60f0735944	\N
161	pbkdf2_sha256$180000$s0i1gaO8dvJl$mXUgH+rOyMOtLbPncSnWTJb3Ia3jc2BLOZZ6TM1G7z4=	\N	f	0250200740	 ارمینا کاویانی 			f	t	2020-11-18 14:00:46.475573+00	t	f	\N	\N	\N		\N	75e3e544-38ed-4d3f-b930-2172fceabbf4	\N
162	pbkdf2_sha256$180000$tuxhlcIDMM6Y$Af3QzHF0hklkp9sRpTKveXTVP5IpVF0/1NUizfIWFRM=	\N	f	0441211321	 کیمیا سادات دیباجی			f	t	2020-11-18 14:00:46.68524+00	t	f	\N	\N	\N		\N	64ab96bb-8236-4c61-aee1-1d9a93b96e7f	\N
163	pbkdf2_sha256$180000$DaQKzTAGmTMl$FmuOUUxb4lChchYRrcf3/ksqMV3bvdLYdJkcqENI4VA=	\N	f	1274464269	 فرناز صحرايي 			f	t	2020-11-18 14:00:46.937086+00	t	f	\N	\N	\N		\N	5412a391-bb0a-41fd-9ba0-cdc872a9ae44	\N
164	pbkdf2_sha256$180000$wEzgqgsy62wP$RR/n2OrTZSNNduhaFnWzqX5G0W5nwpAh46olD8PtWwQ=	\N	f	0250269139	 مریم خدادوستان 			f	t	2020-11-18 14:00:47.153474+00	t	f	\N	\N	\N		\N	e8874b9b-ade0-458b-a138-19bc5d8bd87f	\N
165	pbkdf2_sha256$180000$rYvIRqzMmIPS$dqKBUFuv/MN0+hUAwVJfK62aIrplF8KSL27oPf2reqw=	\N	f	1274619351	 ایدا مختاری			f	t	2020-11-18 14:00:47.369829+00	t	f	\N	\N	\N		\N	df90ac42-abba-497a-bf25-3e217268f610	\N
166	pbkdf2_sha256$180000$ucxw0bbruy8N$25zgJWcQrclzCi8jN84A3EdzVU4HziSptZI3XKGwVik=	\N	f	0151201218	 مهراسا عسگری 			f	t	2020-11-18 14:00:47.592777+00	t	f	\N	\N	\N		\N	0d94f3c4-9bae-4ddc-be99-f6cb99121347	\N
167	pbkdf2_sha256$180000$K9hmuJDZSKvX$r53ItLei9wg1t33F2dlHeivmOocACUaWP1qPApSX0hs=	\N	f	0313380619	 درسا  شهبازی  			f	t	2020-11-18 14:00:47.823993+00	t	f	\N	\N	\N		\N	99220f1f-f27a-46d0-8e36-56e9e6631743	\N
168	pbkdf2_sha256$180000$M51LG54WdchV$pF076IPaE+XZoNycAJ2RzQablgTQubWqXIHTsjkQwEE=	\N	f	1274799678	 پرنیا  عظیمی			f	t	2020-11-18 14:00:48.088749+00	t	f	\N	\N	\N		\N	914069f4-ffb9-4e1c-afe3-087c2b626bdb	\N
169	pbkdf2_sha256$180000$MlBw00owUJaK$0nOQQa87XY49yL28VwV8yCcK4lp+IO1c6HQycrg747A=	\N	f	1274875714	 شایان فرهنگ پژوه 			f	t	2020-11-18 14:00:48.36567+00	t	f	\N	\N	\N		\N	56b38790-2f65-4110-8e22-28c8ee93f7c3	\N
170	pbkdf2_sha256$180000$cHX7cWsO2WVd$sjpi3tLaPAcOTJoxSvUzFa989pkcfS/s0G5RLrkOFII=	\N	f	1160529019	 سپهر ادیبی 			f	t	2020-11-18 14:00:48.615187+00	t	f	\N	\N	\N		\N	e0405f13-9634-4fa7-bfe8-6fb8687fddad	\N
171	pbkdf2_sha256$180000$NIps0hmuUiyM$s2feH+wwnEFd1fwenzafVu2tq+Qbs1DmbpYEUnBeeGc=	\N	f	1274656710	 امیرمسعود محسنی			f	t	2020-11-18 14:00:48.816477+00	t	f	\N	\N	\N		\N	e6b65686-00c1-4eb8-9e45-0feb8d4a07f0	\N
172	pbkdf2_sha256$180000$Ao0GkE4MCcAA$TgyyXBT6ais0ISoMnQP7Bl/an+nZadzzHuewqldt1oU=	\N	f	6600157471	 مهدی  عرب لودریچه 			f	t	2020-11-18 14:00:49.06476+00	t	f	\N	\N	\N		\N	54ae5f12-efe8-403b-99f5-b629ac09c86a	\N
173	pbkdf2_sha256$180000$tSJ7qqL3jgHi$7cSlyZxblWH9PqOdb5hv7fI1CKkHiYDOBRRzAwYxEwo=	\N	f	6600158166	 مهدی  عباس پور داور 			f	t	2020-11-18 14:00:49.303037+00	t	f	\N	\N	\N		\N	118147a2-9335-452d-8355-6828be2fcee8	\N
174	pbkdf2_sha256$180000$4am6nf95vziQ$LR763Ob6ZL/5xXZ3UJbGr04mPBsG7sognx/yRXGffIQ=	\N	f	6600158557	 رضا حیدریون دولت ابادی			f	t	2020-11-18 14:00:49.527533+00	t	f	\N	\N	\N		\N	851eaf7a-6b29-42de-b01c-459c591fae5b	\N
175	pbkdf2_sha256$180000$NXRoSlsw690z$vCR39MRYw1M3OP8+0jeqLWx+sbfwfvbWBY4+BtjOUqI=	\N	f	1274727553	 سها  نیازی 			f	t	2020-11-18 14:00:49.72958+00	t	f	\N	\N	\N		\N	a8d0f7dd-95e5-4d10-8133-83788537ec6d	\N
176	pbkdf2_sha256$180000$ojFjthowPdxr$PIth3dgrgbRPsVquQrpp7hbtOneVV9CD3Gq+ZfKzVqs=	\N	f	1274759358	 ارمینا قاسمی 			f	t	2020-11-18 14:00:49.972392+00	t	f	\N	\N	\N		\N	1f14aed4-3854-4f6a-91f6-b3aefecccd6f	\N
177	pbkdf2_sha256$180000$3hoXb0NMo8OQ$cQ3ip1JI/CkpV6CkrEmAkRzJVqYwTbLCfa+mObv1UHc=	\N	f	1274760331	 مریم  جمشیدپور			f	t	2020-11-18 14:00:50.18338+00	t	f	\N	\N	\N		\N	962bc253-34ec-4b98-ae69-74be66fc65cc	\N
178	pbkdf2_sha256$180000$SYxfyVRMhXTW$LoDR8mkbgWHnUUrvyXFpK3pyu90DIzqqcVmvoSLTIZw=	\N	f	5080238321	 ارمیتا خدابنده لو 			f	t	2020-11-18 14:00:50.448185+00	t	f	\N	\N	\N		\N	9397a818-be73-4d21-980f-f04615fb9f00	\N
179	pbkdf2_sha256$180000$2rUuOB5OnIUu$2ZUtDuGIodQ/hdo/vXiVcbqBULSPk0aJGXKDdgcJc4M=	\N	f	5080237457	 نرگس حضرتی 			f	t	2020-11-18 14:00:50.675459+00	t	f	\N	\N	\N		\N	87f583c0-ff14-4dfa-ba7d-6f03759da9d1	\N
180	pbkdf2_sha256$180000$Y8PoO79Lym6B$u6FiskEZqVPuhAfrzXT5VFxIEmnOlLIEOqDP1fUaxTo=	\N	f	7170017814	 محدثه ولیزاده			f	t	2020-11-18 14:00:50.884349+00	t	f	\N	\N	\N		\N	cddfd514-de4f-4c7e-a609-a5b6404a1fbe	\N
181	pbkdf2_sha256$180000$TtvG9VDDde8X$MGUmYlnvu04k8XmziyOQdoeNFtm/hg/A0sCNV0wlYwc=	\N	f	6150167984	 الناز باغی  			f	t	2020-11-18 14:00:51.120799+00	t	f	\N	\N	\N		\N	cc68ed2c-8d17-4bab-b8a3-fde2fded4e5d	\N
182	pbkdf2_sha256$180000$Q16lbseCG0OQ$KrGYvDlnNZCOUdrXTD5E7L81jsMHlFFNoDfOQk0xVng=	\N	f	4400357422	 یگانه بهرامی 			f	t	2020-11-18 14:00:51.352874+00	t	f	\N	\N	\N		\N	76dc2184-d5ea-4da2-acf2-2c3952700740	\N
183	pbkdf2_sha256$180000$vaKk0liOHF08$igyIGxPvZHEAIHZ3LnyKGzVKcZUuxl+hl4CebrFT8hg=	\N	f	6150169111	 حدیث ازلگینی			f	t	2020-11-18 14:00:51.567703+00	t	f	\N	\N	\N		\N	dbe923be-070c-434d-b24e-356b386b53a2	\N
184	pbkdf2_sha256$180000$KGZDyBSGqNBf$Ko58FndKkunoVhbBx6kNah/eEvNIrTK1axRb7gd6elc=	\N	f	0151549273	 ویانا  اختری 			f	t	2020-11-18 14:00:51.785467+00	t	f	\N	\N	\N		\N	2fad1cc8-dc1d-47f3-b9a0-9be4a1686e6a	\N
185	pbkdf2_sha256$180000$zmtWVvj8cRXL$ptGpghJLHeUCYbJtr0ACyie8YBY9YBjFDkKKuFMYbsI=	\N	f	4400411885	 اناهیتا کریمی 			f	t	2020-11-18 14:00:51.998717+00	t	f	\N	\N	\N		\N	0e8ef2b7-5f66-4a6b-84d0-614b94f376c8	\N
186	pbkdf2_sha256$180000$UzvasQKgmDTb$zVht+2biN9p+IaN/HJFWC0F2qzpy0tIvs6EYFYJnZ/o=	\N	f	0411005340	 مایده کوهی			f	t	2020-11-18 14:00:52.227444+00	t	f	\N	\N	\N		\N	e5468be9-69ac-44ae-9916-2b78ed7b7c30	\N
187	pbkdf2_sha256$180000$PrQYAPlFutVz$6YQF8Xxg/t2G6fDfxg3adWuU7FQYxsKvxVitWbrYbfg=	\N	f	1080737006	 مبینا عسگرزاده 			f	t	2020-11-18 14:00:52.457229+00	t	f	\N	\N	\N		\N	35837a75-7d8c-4762-83bd-d5089ccc17e1	\N
188	pbkdf2_sha256$180000$EMIUfcxpSPcv$8m19061G6XNqcY73x+D9sYC54PlInqWFCO6u9d0lU9Q=	\N	f	1080708243	 فاطمه خزاییلی 			f	t	2020-11-18 14:00:52.693974+00	t	f	\N	\N	\N		\N	87f587b1-76b2-4321-9eee-a98a58b69958	\N
189	pbkdf2_sha256$180000$TGdrLHgqDZom$8HdFTfVCAeAr9ON17AY+vjozgrdghVzw3H85x4ebXRs=	\N	f	1274611611	 مهسا قاسمی			f	t	2020-11-18 14:00:52.917705+00	t	f	\N	\N	\N		\N	60e125da-2d61-4ab8-8e81-7bedf8084747	\N
190	pbkdf2_sha256$180000$2iNz8XuZiHVq$mxmG8RWv72VCO9xdMFUjvr3Ayace3MGXBtEqOHrav+c=	\N	f	2051300275	 روژینا نصیری 			f	t	2020-11-18 14:00:53.259151+00	t	f	\N	\N	\N		\N	495e69ec-f395-4dc6-bcbf-3a0e469b9e6d	\N
191	pbkdf2_sha256$180000$1oQ55lmE0eZA$doTeJw/4jMAffK8sPlShCrG0lNPAVFtgZ0S5koMRGb8=	\N	f	0200421506	 عسل مجلسی 			f	t	2020-11-18 14:00:53.516547+00	t	f	\N	\N	\N		\N	237e302d-1cb6-4daf-bb44-3daf91c8ecea	\N
192	pbkdf2_sha256$180000$moLre5ldJeae$ccwAC4KG99Lmmh55eJNL0syDOrY2AFmdJd2D7hwhRsc=	\N	f	2051244898	 سیده نیکو اوصیا			f	t	2020-11-18 14:00:53.744428+00	t	f	\N	\N	\N		\N	acc98d37-f5cd-4c76-8b5b-0a50a288c4e0	\N
193	pbkdf2_sha256$180000$OXvyWGT0F6Nm$WRDKQ+EJDNE+dBzDB+EMQl8cSLGl1aGNDEN5EdgfPyo=	\N	f	2051256950	 فرنیا عبداله نژاد نصیری 			f	t	2020-11-18 14:00:53.964057+00	t	f	\N	\N	\N		\N	b4100df1-a43c-45d0-81f1-caf40900f0f5	\N
194	pbkdf2_sha256$180000$a95Wty8lAygs$JQ8aA/eXmN0cLMgZdCJ3vCRkHl7OdR4PNCqlbsXbMK8=	\N	f	2051231249	 فرزانه امیرزاده قاسمی 			f	t	2020-11-18 14:00:54.171039+00	t	f	\N	\N	\N		\N	5f8ad2fa-403f-4e8b-9bf9-edf199230558	\N
195	pbkdf2_sha256$180000$oM1z7b9kL6ab$+w49zcU5V6EmkwVzf0KuhQc0JTuRfqnEpoVUVAecQS8=	\N	f	2051271585	 مهسا خان پور			f	t	2020-11-18 14:00:54.390323+00	t	f	\N	\N	\N		\N	e37f89a2-b8dd-40c5-bab9-615a7096ae4d	\N
196	pbkdf2_sha256$180000$uOGLBPyVuyeA$StMrqJ5xCUQyRjLp1CRsq54WxCLMO7kKOCytqiYgLFM=	\N	f	2981441345	 مهدی نگارستانی 			f	t	2020-11-18 14:00:54.610359+00	t	f	\N	\N	\N		\N	bc3fe10c-712c-4428-8ac4-05831bd2f760	\N
197	pbkdf2_sha256$180000$jZnacKqWrjjn$gliJFJXz/kV5vcxT0ELY0XGQ3NT9XVMu4HpiYrx+NMQ=	\N	f	2981388258	 علیرضا رضامند 			f	t	2020-11-18 14:00:54.844446+00	t	f	\N	\N	\N		\N	b4d1167b-ae32-417b-b57d-bf9fbd2449ba	\N
198	pbkdf2_sha256$180000$l8Wxh3jfpnaT$Uk2tb4ru769mbVplhanjXmR06pSs/p8/mZUzHdN5u4k=	\N	f	2981546880	 محمد میرزادی			f	t	2020-11-18 14:00:55.067606+00	t	f	\N	\N	\N		\N	3c2a988b-0b62-405a-95b8-300371efb4bd	\N
199	pbkdf2_sha256$180000$OJzlPFy9Wzv1$Ed48/pX9lEYbKtMTSMueWtWvECZEZTGhhLj8kgA3q7U=	\N	f	2051242771	 لیانا غنی نیا طبرستانی 			f	t	2020-11-18 14:00:55.29424+00	t	f	\N	\N	\N		\N	cb0d109a-27eb-4ff3-9b2e-cb6716c308a9	\N
200	pbkdf2_sha256$180000$IwfLjnVLNG3Z$VBivTTaxB35LQx1s2vzuRG8mvBQ1kgPfa2UV5eCXZYE=	\N	f	2051285144	 ارمیتا یزدادنیان 			f	t	2020-11-18 14:00:55.505073+00	t	f	\N	\N	\N		\N	98e29826-a8c5-4371-903a-ec5d61ec08fd	\N
201	pbkdf2_sha256$180000$SI85Hte7yVif$l8fnXjL1SbRR3DoJg7+nMzH/Y/IHCA5Q6YVMeBrkUsM=	\N	f	4980400922	 نرگس یزدانی			f	t	2020-11-18 14:00:55.748057+00	t	f	\N	\N	\N		\N	985a1087-71e9-451b-92bc-09df971ed6ce	\N
202	pbkdf2_sha256$180000$9j49byr9SZzS$J/QxBqJHQqAWYaZKVlMXlYgjFcV1KSapfHE5cmBWRkw=	\N	f	2284039391	 غزل عابدی 			f	t	2020-11-18 14:00:55.970462+00	t	f	\N	\N	\N		\N	1b53a87c-fa71-4506-b8f9-3e5b3a251128	\N
203	pbkdf2_sha256$180000$wafTVMnT6PQa$2VbOJCB8w+33zKJz/DSS3mXznqreVg+7leomsTzn9kA=	\N	f	2284116078	 زهرا اژدری 			f	t	2020-11-18 14:00:56.199748+00	t	f	\N	\N	\N		\N	23d58012-fcd8-438c-81a7-f6709ef5cd1f	\N
204	pbkdf2_sha256$180000$wq49dCT6DwdG$GqCwIDNSL/QteC3PnzHN9uK9dLekUlbP7JsyexNns+w=	\N	f	2284090389	 ترانه  اقاجری 			f	t	2020-11-18 14:00:56.430355+00	t	f	\N	\N	\N		\N	3413e63c-d5ac-4adf-87b1-4bb06319f083	\N
205	pbkdf2_sha256$180000$y79GiA9k75de$4Vk3S40P2YCLUXCYiXp90+FSkpYCPxpWp2X7xA5ljf0=	\N	f	1274253039	 روژینا  اشراقی 			f	t	2020-11-18 14:00:56.651465+00	t	f	\N	\N	\N		\N	40fdcaf7-53a9-4c07-9212-ada3b0613c38	\N
206	pbkdf2_sha256$180000$tfbt6xkCxa2p$GLZ1O2eWsYuinf0ElIIdh44USKGs9Ff+eUUCB33LMr0=	\N	f	1274227518	 ساینا ایران پور 			f	t	2020-11-18 14:00:56.885488+00	t	f	\N	\N	\N		\N	b2ba47fc-9718-41ff-8641-3b94f1dd832c	\N
207	pbkdf2_sha256$180000$kmw5OpSJaoIs$Bk2STic8VhEbsOhvsjvrPSFT2YlHMOYc5TizlAD5loc=	\N	f	1274227951	 کیمیا زراسوندی دستناعی			f	t	2020-11-18 14:00:57.139011+00	t	f	\N	\N	\N		\N	2b9f2633-7a61-4226-98ee-4d571ca2f1df	\N
208	pbkdf2_sha256$180000$61604E2h5j8L$8ttxXlULgW9q1FsZZeDow3NlYVz1qdy5MXAFCj7sTrQ=	\N	f	1240114982	 مبینا عتباتی 			f	t	2020-11-18 14:00:57.397792+00	t	f	\N	\N	\N		\N	765acfef-ff2b-4e62-b1c7-dcfa71fe3810	\N
209	pbkdf2_sha256$180000$iqq19KHEuUIq$gFp4kGqr7Ng3kiKPJYZWUGxMBz4oLNUz7cMi8FgAuKU=	\N	f	1274657938	 فاطمه  علیدوستی 			f	t	2020-11-18 14:00:57.610812+00	t	f	\N	\N	\N		\N	f1ec59b2-b0a9-424e-9247-d17308f6d696	\N
210	pbkdf2_sha256$180000$PTaVpTC0TSyX$FWKcKwO22F1zXm09jsY3TFFBsh8BpJui7rzgKcTYIFk=	\N	f	1274863694	 نازنین رادنژاد			f	t	2020-11-18 14:00:57.831678+00	t	f	\N	\N	\N		\N	e26253cd-a6fe-4f4d-aa55-7de77e701b52	\N
211	pbkdf2_sha256$180000$5dTGkfZTa0aS$iZmAou3HzfvFbr90WN0X+yVblefJNTLm9z8Qa9uNkgE=	\N	f	2051285209	 روجا اقاجانی دلاور 			f	t	2020-11-18 14:00:58.196149+00	t	f	\N	\N	\N		\N	ca8b1a4b-8333-495b-9f0b-84942800adee	\N
212	pbkdf2_sha256$180000$DXZ9piVbLLpc$OwE6JTSGHkcTLXRoBhVVY4CztHMiYOUM3HYZdezFn0Y=	\N	f	0441208444	 ملینا  فروغی 			f	t	2020-11-18 14:00:58.624415+00	t	f	\N	\N	\N		\N	77b1c871-6ba9-454b-8054-bc0da54d85b5	\N
213	pbkdf2_sha256$180000$HeMesbqptMCe$pPleCgOJrMXEqzvRt4BqgMGDT3+DQiq7BkQbAQaS1wQ=	\N	f	2051269718	 فاطمه  کمالی			f	t	2020-11-18 14:00:58.894296+00	t	f	\N	\N	\N		\N	ab5a9190-17a7-43cd-bce5-85bdc1fd24ac	\N
214	pbkdf2_sha256$180000$eftZ1osjt1VE$3373LA/wbNfRV3tnsCS8hTB1wmc8vMgrN0QYhAwvv1I=	\N	f	2051224961	 ریحانه عبدی 			f	t	2020-11-18 14:00:59.200322+00	t	f	\N	\N	\N		\N	1ab8aff7-14b5-4e32-a64b-1f0af267830c	\N
215	pbkdf2_sha256$180000$UFMjW28w0rLD$e5J/VS30nhzzwWzL0Q3ee8tEvONzkKMSCxJtDjxlx34=	\N	f	2051286991	 نیلوفر قاسمی 			f	t	2020-11-18 14:00:59.509121+00	t	f	\N	\N	\N		\N	089f0667-fbad-4ef3-b414-7195969c8fe8	\N
216	pbkdf2_sha256$180000$41FfCSBwQVRY$sCJGtnAWhS0ch5V4L5Wvni1Myp678HCllNMMXEQeleA=	\N	f	2051240132	 زهرا رفیعی			f	t	2020-11-18 14:01:00.074807+00	t	f	\N	\N	\N		\N	523f5d64-28fc-4398-a749-73c6c05ecb0e	\N
217	pbkdf2_sha256$180000$yMFpWB78kdEU$FEqV+cZJ8Q0ZkRmZIYdgS02IayjbJPtjo2vIMJb2fHg=	\N	f	1274787807	 نگین داوری 			f	t	2020-11-18 14:01:00.589084+00	t	f	\N	\N	\N		\N	8ed2e857-50f5-4d58-a314-f00263da405d	\N
218	pbkdf2_sha256$180000$4x2XIJW9zkXy$tWEgFwuv+bDPUnK1JtCrU7+8vwcj7k03lf6TfRMdMzw=	\N	f	1274699568	 حدیث قاضی 			f	t	2020-11-18 14:01:00.835133+00	t	f	\N	\N	\N		\N	05e6168f-217f-4e85-86b7-ec3829510cd9	\N
219	pbkdf2_sha256$180000$r3H9lawZQB1u$3xjGkFzRCnOr8B8x3vgIlUSipaU1L2GSb66WbI1k8JE=	\N	f	1274693276	 زهرا محمدخوانی			f	t	2020-11-18 14:01:01.080454+00	t	f	\N	\N	\N		\N	5272ae4b-fa03-45bf-9221-44c772df327f	\N
220	pbkdf2_sha256$180000$vbn8cPIs7M5Y$1K9VSS1tdzGbJxwxM6CXkQEMIsQJIu3Ilby8EyQ0SgA=	\N	f	2051302014	 امیرمحمد رزقی شیرسوار 			f	t	2020-11-18 14:01:01.357865+00	t	f	\N	\N	\N		\N	f60307bc-eaef-4354-9a98-bf621e10196f	\N
221	pbkdf2_sha256$180000$scYtOZjnMkG8$0pSUyuyGj+/aJVKSbPo8WJ3TcwBZ4yMGfLnosFWfZ7I=	\N	f	2170490302	 امیرحسین میخ چیان 			f	t	2020-11-18 14:01:01.574013+00	t	f	\N	\N	\N		\N	fcb03799-30a7-4fad-bf79-5fc6c71c8ad0	\N
222	pbkdf2_sha256$180000$PZ3WikEitI6s$37PEzMn2Kq8eOlf2uCwb9yBCqzHkrOyKY5XmDySGocw=	\N	f	2051325340	 فرزان طاهری			f	t	2020-11-18 14:01:01.824718+00	t	f	\N	\N	\N		\N	7092561c-6913-4430-b977-3deb07e3b388	\N
223	pbkdf2_sha256$180000$hWGPeRVRq2MF$wyfI/iZLu91JZrSlhpc4IWYf7bJ+bVFEG8cUV9LyNXI=	\N	f	1274741459	 نگین السادات خادمی 			f	t	2020-11-18 14:01:02.054105+00	t	f	\N	\N	\N		\N	70607d4e-5a3b-4b5e-a602-7bc4a33aa172	\N
224	pbkdf2_sha256$180000$5mNQN9zUdKB2$4VPmI8kvrvWGTmgl1+2YV8zE4vhtBVHPim5JTmCi1Do=	\N	f	1274662370	 مبینا سلیحی 			f	t	2020-11-18 14:01:02.259671+00	t	f	\N	\N	\N		\N	58e8ed88-1c15-40dd-99a0-6eff8d2abad4	\N
225	pbkdf2_sha256$180000$zBXUZfkPY3b1$xZd9jXrP3e+tEYfRe4QIcSN8XDXct/yExNFAnuxhuIs=	\N	f	1274664111	 کوثر عرفانی			f	t	2020-11-18 14:01:02.487719+00	t	f	\N	\N	\N		\N	cfcaa280-20f2-4ba5-9793-69904cb8d36a	\N
226	pbkdf2_sha256$180000$NjT9KB8PLcS8$bbBLpW2bTqjEwO6Yw/oOAve0z8X1C6+GUKxAzMacww4=	\N	f	7110002896	 روجا خان نیاشیخ 			f	t	2020-11-18 14:01:02.717294+00	t	f	\N	\N	\N		\N	7c700090-b079-4cf1-83be-b7ef36cd7374	\N
227	pbkdf2_sha256$180000$9nzstpibSBPx$XJeTlCsuXg5EC49Fj3EaXbiQuc+81QTa+PRKXieUrbU=	\N	f	2051310858	 مریم گرگانی فیروزجاه 			f	t	2020-11-18 14:01:02.945438+00	t	f	\N	\N	\N		\N	4bd18065-8fb2-4c2d-be19-f904796af832	\N
228	pbkdf2_sha256$180000$lIAMUTQGBgc9$v5WTiOx9l3JqIBWGMDmjkzJj54oUzZxyrl/LbljPXXI=	\N	f	2051307903	 مرضیه قنبرزاده احمد چالی			f	t	2020-11-18 14:01:03.202267+00	t	f	\N	\N	\N		\N	bef3f7d8-9f33-4da7-ad51-6c804484bab8	\N
229	pbkdf2_sha256$180000$HGJOeeZhj8ea$poa1DWMdK5PChHuf1u80FhHd7pGkd6TpZuc6/CT+lXk=	\N	f	2051336881	 مطهره کاظمی گنجی 			f	t	2020-11-18 14:01:03.476994+00	t	f	\N	\N	\N		\N	d10014c7-b2fd-4cd2-92cc-b0ca19eb2306	\N
230	pbkdf2_sha256$180000$YsYSOz7bD6ZL$sm/GNTPuJshwlUvgyjLI/1d4zzXKa7X8bN1oH4nYSlY=	\N	f	2051303681	 فاطمه  عظیمایی دیوکلایی 			f	t	2020-11-18 14:01:03.804235+00	t	f	\N	\N	\N		\N	4d7ce6bb-c5f3-4341-aa50-f82a95acc0f8	\N
231	pbkdf2_sha256$180000$yQ9UhptnGGsA$2OwzTx87o2FuTgGG8tNqqakELmD5P72rjcNhQ0AFRIo=	\N	f	2051314551	 مهدیه بابازاده			f	t	2020-11-18 14:01:04.035465+00	t	f	\N	\N	\N		\N	c5660269-02de-44c6-b388-c6e4929766c3	\N
232	pbkdf2_sha256$180000$Qd7jKgVzKJce$J5VTHi9+1GSXA7huoqbmWranI55Id7oLhEIItVpJQHA=	\N	f	0151319502	 ادرینا رجبی 			f	t	2020-11-18 14:01:04.298186+00	t	f	\N	\N	\N		\N	c98d20b4-ff18-47af-9f92-71955ac6885d	\N
233	pbkdf2_sha256$180000$eyuXLfRgWU0U$xf/YRXSFYWo9V9IFUxC5nvgb46kD9D8aBeu1IwG8X/o=	\N	f	0521668621	 طناز قانع 			f	t	2020-11-18 14:01:04.552198+00	t	f	\N	\N	\N		\N	2f64a889-be19-43a6-be05-c99b619c2445	\N
234	pbkdf2_sha256$180000$zNYjswd8lEB3$is61RR3ozETGFAubW1SsIuA1xgBpXx230eHx7LGQGZY=	\N	f	0151212384	 ملینا شیری زاده			f	t	2020-11-18 14:01:04.816573+00	t	f	\N	\N	\N		\N	ee473812-7def-4f7e-b39f-d0b0626d9bfb	\N
235	pbkdf2_sha256$180000$QKXrAfSV8ax4$NSQGuB1KFQ7UModUBk/zpO/qi3m/amh5aJhtXUao4IQ=	\N	f	3381569767	 احمدرضا رستمی 			f	t	2020-11-18 14:01:05.076958+00	t	f	\N	\N	\N		\N	35e87b39-0553-45ef-b52b-b97fbb236dd6	\N
236	pbkdf2_sha256$180000$5LugBsZzLwSU$7e+1e7HDJRw2OrnmJGMheQTxvsnSeMAk+jVar4Oqlkg=	\N	f	6560073831	 مهدی مسلمی 			f	t	2020-11-18 14:01:05.304415+00	t	f	\N	\N	\N		\N	60e36d5d-2d56-4a68-aee5-02c997dd4aa7	\N
237	pbkdf2_sha256$180000$EbyvpnLvynl0$NpuekiPXwDOLJdgCP31MW8mZ+8BiNPP3jajzF+9JdTc=	\N	f	6560075311	 احمد درستکار			f	t	2020-11-18 14:01:05.50688+00	t	f	\N	\N	\N		\N	1b74bfa7-398d-4e36-a3d3-dc4ed328bc11	\N
238	pbkdf2_sha256$180000$VEp9bvqhm6pv$MVjsXcoFDq+7HCY39WtnbEDL4rUwTqdBKZiBG8z11Gk=	\N	f	4890602941	 عارفه  مومنی 			f	t	2020-11-18 14:01:05.73091+00	t	f	\N	\N	\N		\N	23c1ac31-64cd-4829-a272-b63769a7ebfd	\N
239	pbkdf2_sha256$180000$KtVyLqCvXxJP$f6JJiCzN5z82XV+yXAYJQcrLn2zhiHjujfozmOK4kpI=	\N	f	4890604693	 زهرا  توده روستا  			f	t	2020-11-18 14:01:05.973445+00	t	f	\N	\N	\N		\N	fa13dca8-83aa-45b7-8407-4799c5571770	\N
240	pbkdf2_sha256$180000$vqbpDSd0OpMe$w+voAQB4jAvBmyWJEjR2lWCpcAedS7b/M56GkTjwGQg=	\N	f	5080236345	 رقیه  عبدالهی 			f	t	2020-11-18 14:01:06.162027+00	t	f	\N	\N	\N		\N	a84a2152-0cf6-45a4-85ad-93e499aff534	\N
241	pbkdf2_sha256$180000$FOCKyjeBpCqW$u380lHNWHKNzBX5QglB+DsUEfibmYOpfSrYC5vznoU0=	\N	f	0025828584	 سارا گلشن 			f	t	2020-11-18 14:01:06.383069+00	t	f	\N	\N	\N		\N	5b39012a-7e98-40e6-9376-3379bd19c77a	\N
242	pbkdf2_sha256$180000$ENp0jL9YvaOy$1jKnKXiYlJndQfRzb/9sCH49QHaKtwBztnNjAN8WMSs=	\N	f	1220095745	 ریحانه سادات ایرانی 			f	t	2020-11-18 14:01:06.654532+00	t	f	\N	\N	\N		\N	f42ce027-d30f-4d23-b485-313d348fe3c1	\N
243	pbkdf2_sha256$180000$TtfXD07grJHk$NGq1N8yf0j/5Qo+vG3ouPptm0QTKmAWF9MQm+uI1o9Y=	\N	f	0441262740	 مهراذین کسایی			f	t	2020-11-18 14:01:06.854384+00	t	f	\N	\N	\N		\N	487b931f-ac5b-42eb-9c3f-bc53c473947e	\N
244	pbkdf2_sha256$180000$EjglySwTTbfa$3ynWtxQp4cHnwZeBGX47YRCQGPFLM1kOUj7zfCLmHUE=	\N	f	0441286895	 انیتا نوحیان بیدگلی 			f	t	2020-11-18 14:01:07.084147+00	t	f	\N	\N	\N		\N	898bf6ed-e117-40f9-b988-d4ed10cdac65	\N
245	pbkdf2_sha256$180000$xgbfOgOy5kIC$GcwQm5y9XSmq8LXZgzcVFQk0FcIw84fUKl2viQUZhCU=	\N	f	1274425700	 زهرا شریف مرادی 			f	t	2020-11-18 14:01:07.327005+00	t	f	\N	\N	\N		\N	332b2726-7445-4cbd-99e6-d3f423cfeee7	\N
246	pbkdf2_sha256$180000$dEcqWK0xO8Ie$+yJnAJCc/oN9Keee0jBhvQEOte+FipsG2uBgiLzh4xE=	\N	f	6190143350	 زینب سادات خاتمی			f	t	2020-11-18 14:01:07.55129+00	t	f	\N	\N	\N		\N	5995ea7e-1042-4386-be3c-c6956b0567ea	\N
247	pbkdf2_sha256$180000$c1567w2dpEef$2XnKu8+orndFXzIgKx8JMfjDMRFFbp1lB1LXwITnny8=	\N	f	4421411868	 پریسا زارع 			f	t	2020-11-18 14:01:07.763921+00	t	f	\N	\N	\N		\N	c964dfd2-fdd9-47f4-aa07-8a00199d2623	\N
248	pbkdf2_sha256$180000$z4YttrmusYHI$/S61+L/H97t2qR9svagAuuAkR6dCDOQ8kPnhTyZImNw=	\N	f	4421396400	 مانیا محمودی 			f	t	2020-11-18 14:01:07.968661+00	t	f	\N	\N	\N		\N	fce91cf2-0a67-44cd-bb7e-dc2c19b64e06	\N
249	pbkdf2_sha256$180000$saA6s7Zmn02O$nvtW24OZRA7QUuehxsFIFY7JuS7CkG791VcMm0wFKkU=	\N	f	2284363717	 نگار موسوی			f	t	2020-11-18 14:01:08.217658+00	t	f	\N	\N	\N		\N	c49a4d0e-351d-4b2d-8a27-8aa2e280995a	\N
250	pbkdf2_sha256$180000$wxZvixiKeMVE$wiuVKOaXWsdqD5xn3mX2W4JAyZ5+IYPzM2aggmQLjZ4=	\N	f	2051347522	 مایده  اسدی بالایی 			f	t	2020-11-18 14:01:08.534775+00	t	f	\N	\N	\N		\N	9ab21821-a0d9-4f0f-ae01-2d5a5d2526d1	\N
251	pbkdf2_sha256$180000$jQZCUmNdK2Mk$IE7UD8M5qI3Gaq23tFPLSwyy7l5iiUAnd6VP73uvzY8=	\N	f	2051342377	 سیده سارا طاهری تاری 			f	t	2020-11-18 14:01:08.808912+00	t	f	\N	\N	\N		\N	9b4edb7f-e7d0-4c72-ac62-0fdd351c84af	\N
252	pbkdf2_sha256$180000$dEPE3GNVhiyA$3BXcsAk1gWF4lxcC46RdesTWGKuGoHEfszxul97zp9I=	\N	f	2051300771	 ارمیتا کاظمی فیروزجایی			f	t	2020-11-18 14:01:09.040872+00	t	f	\N	\N	\N		\N	fa514371-44a6-45e1-9937-483fc6848a85	\N
253	pbkdf2_sha256$180000$xw61Mz6haacy$8Cf9O1StPG3Y+/n8wwlSvigGbgLj1DsacsZMahPYllE=	\N	f	0150789963	 سارا سادات هل اتایی 			f	t	2020-11-18 14:01:09.269572+00	t	f	\N	\N	\N		\N	ff1d26dc-ddf3-47ee-91eb-8f163902cab1	\N
254	pbkdf2_sha256$180000$OSdoRZJC0eBo$La1qZvdqVl/sRRpjwdFOb08W94OrrA1GxOxyksxG2wk=	\N	f	1210213461	 پریسا  فراست 			f	t	2020-11-18 14:01:09.492955+00	t	f	\N	\N	\N		\N	b95554dc-6300-4639-9d4b-443b30fb3922	\N
255	pbkdf2_sha256$180000$oKAfyBSfYzEM$I2BLPKt8V7IV6lt0C7kOPo/guLYZ1oL9jbX3zjShrU4=	\N	f	1210228221	 فاطمه خرمی			f	t	2020-11-18 14:01:09.715042+00	t	f	\N	\N	\N		\N	5efbc311-f54a-4cbc-baca-e6b79b78a23a	\N
256	pbkdf2_sha256$180000$C9tAFBLUgEfg$kCX+6Ld+8F4Q/gglZ7K1xnOuibcuszkJagS0Uyczgu4=	\N	f	1274534232	 انیتا میرمحمدصادقی 			f	t	2020-11-18 14:01:09.939499+00	t	f	\N	\N	\N		\N	02338b82-67de-4aff-81d0-05e0f0a650b3	\N
257	pbkdf2_sha256$180000$5xX40yjqsZ3B$GuMQu+d+YtmefHjrliRcz1Klz85Tr9PuGEDiUX6vZPQ=	\N	f	1274631726	 یاسمین یزدانی 			f	t	2020-11-18 14:01:10.193789+00	t	f	\N	\N	\N		\N	982f8783-e060-481d-a17c-2b0966e313bf	\N
258	pbkdf2_sha256$180000$TrOPMv446cvm$jdVVaIxjKLyHuqPfwbI5r2aKDz04WHKAkE7dCwDjDyI=	\N	f	1274603536	 درسا زهیدی			f	t	2020-11-18 14:01:10.392477+00	t	f	\N	\N	\N		\N	bd2b394d-270e-4f5a-a094-354cbf4ff766	\N
259	pbkdf2_sha256$180000$2XiL4Licxbtk$sNXxckE6s0h/QbXOysyynPOYnfk5Dx8gB1evSxLB0sY=	\N	f	4421357529	 ثناالسادات  غلامی 			f	t	2020-11-18 14:01:10.618949+00	t	f	\N	\N	\N		\N	47a3a5f9-4aca-46a5-93a4-ea83c48df0ba	\N
260	pbkdf2_sha256$180000$9K66wX8ncvAv$E8wtXIRjArZxexwfpr454L7seF/nhpPiCkevaOnXgvA=	\N	f	4421348031	 نگار داعی 			f	t	2020-11-18 14:01:10.83353+00	t	f	\N	\N	\N		\N	f6c335e7-0fa5-44da-b2bf-9f117c30a3a5	\N
261	pbkdf2_sha256$180000$Ev88Fv8q2Xq1$nS34euUzeb7H1SDRYJgaRvdUB0VO5sdUdVnsvR0wc/8=	\N	f	4421317561	 ریحانه السادات  رضوی نیا			f	t	2020-11-18 14:01:11.052377+00	t	f	\N	\N	\N		\N	263eb74e-9a02-418c-8818-4774cdf5f5a5	\N
262	pbkdf2_sha256$180000$DQMC9mws9mLL$3raskdnRafJMvsZyZhlrZgGMCDfoP03CO3iflR0pd/8=	\N	f	3490572831	 امين اهوچهر 			f	t	2020-11-18 14:01:11.287942+00	t	f	\N	\N	\N		\N	b6da8659-92c5-48fd-bfa2-f61f8200b1fd	\N
263	pbkdf2_sha256$180000$abuUw4ax1TAm$TAoo8LnHuUqbrid5u5WVCe0SJ/rnBQlziSc9+IbPCJs=	\N	f	3490557956	 محمد شمس کی  			f	t	2020-11-18 14:01:11.48797+00	t	f	\N	\N	\N		\N	d31b1e2d-d3fd-4234-94d2-d7491ea710c1	\N
264	pbkdf2_sha256$180000$4AHeEzotTtQz$IiW73sX4K4l4xpfoqrJk9g2j3tNiKd1xud9IBOfEmSs=	\N	f	2081245833	 سروش سلیمی سیف			f	t	2020-11-18 14:01:11.716771+00	t	f	\N	\N	\N		\N	9050ffae-7591-47ea-81d1-631ad06bc4cf	\N
265	pbkdf2_sha256$180000$GVRw6ncnAoh6$xWJYUIJMHW02v8qacpA6AsDeIWOuACtZQ/d7Ig82yQE=	\N	f	0150849249	 اریانا زال نژاد 			f	t	2020-11-18 14:01:11.93726+00	t	f	\N	\N	\N		\N	b861708d-7f31-4d2a-9464-71126ebc6574	\N
266	pbkdf2_sha256$180000$K6JcgfvyQ9aN$t1pz4I7TsRqXZjp/aYZ0R5Ar0GOPvlcE6iqVV+S9eSo=	\N	f	2051317739	 اتنا سادات حسینی 			f	t	2020-11-18 14:01:12.156079+00	t	f	\N	\N	\N		\N	167bfc92-8597-480b-976a-8036a57b7e28	\N
267	pbkdf2_sha256$180000$a6fNt3A788Jg$XSw7E+qW/jBX8hFdghkaYmeB3J1J78OOvcAE9I+erEI=	\N	f	0150748841	 کتایون صفوری			f	t	2020-11-18 14:01:12.369301+00	t	f	\N	\N	\N		\N	b1e69e1f-e2d2-4cc7-ba7b-b0e4f3aac38a	\N
268	pbkdf2_sha256$180000$b3w4UMq6bPhY$dwhJDzdsoAtrsAyPhqgxgTECvl+Dg/GUFtmR+83urN4=	\N	f	6150173763	 فاطمه امیرلو 			f	t	2020-11-18 14:01:12.591737+00	t	f	\N	\N	\N		\N	9e4ec171-d85d-4d21-9752-8eabbd08d347	\N
269	pbkdf2_sha256$180000$0l7AnNNIdEwQ$EMlHxUuQCiDVDdYnGCcYaMAbC0wLw9+3oQGSaJFwmRo=	\N	f	0150611854	 ایلار رسولی 			f	t	2020-11-18 14:01:12.80928+00	t	f	\N	\N	\N		\N	76dd7434-ba23-47ff-b950-5fabae73dd07	\N
270	pbkdf2_sha256$180000$DD1AuKbCPj7s$2/0A4vFFFFs/Dun2Rm9nUdUW2aMmH5JQEPhInGoM96A=	\N	f	6150164950	 مايده خلجی			f	t	2020-11-18 14:01:13.029329+00	t	f	\N	\N	\N		\N	70de969a-088e-4edc-ae68-7e1f8dbee7f3	\N
271	pbkdf2_sha256$180000$MqNi9c2t3KdD$C6pOviS5BruEZEoLArp5uWX6f9ET7nwGxMr6ERmE/KQ=	\N	f	2081262071	 نگین اسماعیلی 			f	t	2020-11-18 14:01:13.345358+00	t	f	\N	\N	\N		\N	a02b4f70-94d0-4054-9449-a4dc083103e9	\N
272	pbkdf2_sha256$180000$O4ZJUjg0AMv7$wqBp3mJzaOWFhsWpdmyKLx+fRGjhDbhla5UJclpCe+E=	\N	f	0200537636	 ملیکا رستمی درونکلا 			f	t	2020-11-18 14:01:13.659984+00	t	f	\N	\N	\N		\N	b0e31bcc-e61a-4711-9e20-75012cc2671f	\N
273	pbkdf2_sha256$180000$LMrZpytCtDKM$2cPK6gLXJi3XBm/+BiD6Kg+mMd5twuEU7O9Qh4G4GwM=	\N	f	2051331340	 فاطمه زهرا باباییان			f	t	2020-11-18 14:01:13.920236+00	t	f	\N	\N	\N		\N	cac84b9e-622d-4921-9a24-d87ada3c07a0	\N
274	pbkdf2_sha256$180000$Qyk8o4girzLb$QMcjadFlokcpg9u5Gt5cKg8/E98gLszduJvOx1ggoQQ=	\N	f	2051391599	 محمدامین  حسینی مطلق 			f	t	2020-11-18 14:01:14.147819+00	t	f	\N	\N	\N		\N	c9ecb9a6-14bd-4cae-833d-deab9beeb264	\N
275	pbkdf2_sha256$180000$RXzsWQ8lGIpA$nZwlTbmCi6k0J+TGAgaZvZo9yosjqpg5P/MvpXwfbTA=	\N	f	2051282471	 امیررضا حیدری چناری 			f	t	2020-11-18 14:01:14.389442+00	t	f	\N	\N	\N		\N	730af845-8daf-4f8c-ace1-5ebe47fbf950	\N
276	pbkdf2_sha256$180000$rVjkF1IaxmiO$wvARWWrzsJtdtQzf0U2HkyfXss+NZrnHcaiCO3Qmxk8=	\N	f	2051401136	 پارسا زارع  شیاده			f	t	2020-11-18 14:01:14.612299+00	t	f	\N	\N	\N		\N	47886a03-aa13-47f1-98ff-2a1875a2a65f	\N
277	pbkdf2_sha256$180000$Dp1DNirzaaUU$BTDepSmjAWLoP/2NU7CMAysjbohJaw/m78fVSnmXNTA=	\N	f	2051295433	 حسنا  هومن 			f	t	2020-11-18 14:01:14.872671+00	t	f	\N	\N	\N		\N	bb03952b-7c60-4f50-9f9c-e7cb189d66a3	\N
278	pbkdf2_sha256$180000$Li1J6JmwAWkv$TiyJs7KNVtbSwxTN0vrxmQHlot533SNrrb7CcOPR3WI=	\N	f	2051301433	 صبا هادی پور 			f	t	2020-11-18 14:01:15.094558+00	t	f	\N	\N	\N		\N	38cabf9b-0e2a-46d0-a37b-4b3f1af2f569	\N
279	pbkdf2_sha256$180000$LkPK1qcLy0bz$DkNRV76qlTKPkD+sJ2SihWjjikMHrOvw9yj6QT7biBI=	\N	f	2220181324	 فاطمه کاویان پور			f	t	2020-11-18 14:01:15.308895+00	t	f	\N	\N	\N		\N	f45d876c-e33a-4905-b3ab-3486797d35d2	\N
280	pbkdf2_sha256$180000$y9yNa33HZpOh$7OVg5cEIu9mSe2uITkimRfCYagmUdpC7gGajL/SjINo=	\N	f	1080679480	 فایزه ریوفی 			f	t	2020-11-18 14:01:15.557775+00	t	f	\N	\N	\N		\N	a05efeb9-ad81-474c-ad53-6d933a6adbb5	\N
281	pbkdf2_sha256$180000$1QZGYGSpLxlA$dyKqlbNDwDY0d7HJtI7430pRsE7QqhZIdnx9xP05WgI=	\N	f	1080662588	 زهرا یزدانی 			f	t	2020-11-18 14:01:15.773355+00	t	f	\N	\N	\N		\N	b5ed982e-2c85-4122-ace1-e6c973b8d81d	\N
282	pbkdf2_sha256$180000$arb30T7Wb7T4$tC2YTV6/E65DHcgKMF5Ov4CDAVGpDnOamLPVCLIXBu0=	\N	f	1080692851	 نوشین  هنرمند			f	t	2020-11-18 14:01:15.99048+00	t	f	\N	\N	\N		\N	607b5346-19cf-4808-8c08-3cbc9b4ff818	\N
283	pbkdf2_sha256$180000$amfGayOQGhAy$ZPlV0dP/RQIaVcyD0T4wlmLGyCW7AXHESBXaM4Fa50g=	\N	f	1160475636	 سلیمان قربانی 			f	t	2020-11-18 14:01:16.200998+00	t	f	\N	\N	\N		\N	34d69021-ecd7-41ca-93c0-a00bde21d67c	\N
284	pbkdf2_sha256$180000$qRjirMVNjeGP$WR1SbrCdZXYWJUqIMpatGRLeyo5SRypPDLIamHdfF9Y=	\N	f	1274281687	 علیرضا افخمی 			f	t	2020-11-18 14:01:16.399213+00	t	f	\N	\N	\N		\N	47d34df7-9a9d-4dab-bbb4-8c81b33f6b3a	\N
285	pbkdf2_sha256$180000$Sn2kK73e40NM$gbZhBpcFQB677+8BPvfxwdzPhaJTtcg/tiPT083jYy4=	\N	f	1160482012	 ارسلان علوی			f	t	2020-11-18 14:01:16.622077+00	t	f	\N	\N	\N		\N	dac324d6-9c91-4a78-b40c-edb689316763	\N
286	pbkdf2_sha256$180000$PtN9XkwjOS88$lV6K8HVuBpl/OsSlcQHHE4Qmy9xug/rxJSiHPpI7l58=	\N	f	3490615689	 محمدرضا پورمحمد 			f	t	2020-11-18 14:01:16.830534+00	t	f	\N	\N	\N		\N	0d9d4a88-ddae-4cbb-814d-1d612795374f	\N
287	pbkdf2_sha256$180000$0UHyhz6mEOCy$6inwymcjq/A8F3vGyLZPARik6zOJNXIFfnQVcONZTQ0=	\N	f	2283924278	 محمدرضا  کریمی منش  			f	t	2020-11-18 14:01:17.060701+00	t	f	\N	\N	\N		\N	634342ed-35fa-40d1-8cc0-16aa43256200	\N
288	pbkdf2_sha256$180000$nTv4XQvF2z3h$yqJT5hLaZWVrI/Mze+UEEFxXIchjzHPkuFqfPfBzhi4=	\N	f	3490588924	 لیان ماهینی			f	t	2020-11-18 14:01:17.275177+00	t	f	\N	\N	\N		\N	361b71ca-1645-4121-b885-29f0a75fa179	\N
289	pbkdf2_sha256$180000$FUhRBOn4uWBa$MxRXD9BlMEhJMibTJK8zwlZ5U5Y/QRyopQUTvU9nf90=	\N	f	4890595546	 زهرا کوه خیل  			f	t	2020-11-18 14:01:17.525297+00	t	f	\N	\N	\N		\N	6ba4318c-d06f-48e4-bb14-c9a24dd79674	\N
290	pbkdf2_sha256$180000$j2MWWqyVkAnC$k23pt3w/fU6Cx9QYeLBrnsgtyjeg7igxIWfSLLqRevI=	\N	f	4890600973	 فاطمه  ارمندیی 			f	t	2020-11-18 14:01:17.74443+00	t	f	\N	\N	\N		\N	f195afc8-6810-4aed-b271-634f165f12b2	\N
291	pbkdf2_sha256$180000$pdXDWB2Q1LXx$P/CxLvlnNnMPJMGTNCULHb+U+xKHM+8DxfNPQje5wxM=	\N	f	4890608648	 سیده نازنین زهرا  افتخاری			f	t	2020-11-18 14:01:18.007316+00	t	f	\N	\N	\N		\N	3c1a5931-451d-458d-aba5-d00758524818	\N
292	pbkdf2_sha256$180000$xHx6YQA5mfTv$42TifzySJfoDAX6zU0KZF7G9vlLiJcuMpNVpNGZ7W6A=	\N	f	1180127226	 فاطمه مالکی 			f	t	2020-11-18 14:01:18.219571+00	t	f	\N	\N	\N		\N	1f26413c-6a30-493d-81eb-907ca2ba1319	\N
293	pbkdf2_sha256$180000$Sr32KY5p3Jzw$pa/yiJbJljeh7tpPQYB0M0DioExHOCF9xKtCvlPObm0=	\N	f	1180123573	 کوثر رجبی 			f	t	2020-11-18 14:01:18.479475+00	t	f	\N	\N	\N		\N	5eb6799b-b588-4236-9579-dacbc7ce52bf	\N
294	pbkdf2_sha256$180000$Qg5szmC8WfqC$kNj/BSgSTmmtzFRupisMwt4Tv56cp6xx96xggrvKtTY=	\N	f	1180122054	 نجمه رضایت			f	t	2020-11-18 14:01:18.736322+00	t	f	\N	\N	\N		\N	f3cb855b-9f72-4e27-a00a-ded83a9f7511	\N
295	pbkdf2_sha256$180000$chuQtMyqmnet$pKPk2NdgEs9Cx+NiteK+rqBvgF9iB7VNOwW/r4FH2l0=	\N	f	3490662180	 پرنیان تنگستانی 			f	t	2020-11-18 14:01:18.938756+00	t	f	\N	\N	\N		\N	a8537e98-dbab-4aa3-87b4-88b4f79d25a7	\N
296	pbkdf2_sha256$180000$QXOk82IltSLK$xi/0emFhcUfCYq9MCARRjMjLdn4NSrZKp0t86ly7qLM=	\N	f	3490627148	 دریا بوستانی 			f	t	2020-11-18 14:01:19.159834+00	t	f	\N	\N	\N		\N	1e417d0b-7399-4a90-82e6-5ee8da8e84de	\N
297	pbkdf2_sha256$180000$rtE7aSNvn37E$S8xIDkK/g3eYDLLL5B9hkChww2xNYdgHEiR+Qqk6vd4=	\N	f	3490646843	 میعاده نیری			f	t	2020-11-18 14:01:19.372741+00	t	f	\N	\N	\N		\N	9c622f6d-c811-408f-822b-03163d80018b	\N
298	pbkdf2_sha256$180000$UPOoYoeEIEsX$OqwLc3bQtpCO5Ikd4m3w+BTynsWy8vvBd40b8PHThXc=	\N	f	0200824902	 محمدمهدی عاشوری 			f	t	2020-11-18 14:01:19.584804+00	t	f	\N	\N	\N		\N	0826faa3-488a-4db7-ad39-ba2631595f8b	\N
299	pbkdf2_sha256$180000$PUrzqUn9wwhd$espSVEJoSbicolxEkM8qNnvLO0g2w9DVVV4BpfOh3yM=	\N	f	5560933317	 محمدمهدی  زارعی 			f	t	2020-11-18 14:01:19.825953+00	t	f	\N	\N	\N		\N	53b0631c-ea25-4b72-9874-a15f000526e9	\N
300	pbkdf2_sha256$180000$PSonQzhX53iM$QZlDUMP173qoN+EvBBmkKwoQODYubIkzHLwyMVOr+xY=	\N	f	6660712038	 نیما قاسمی			f	t	2020-11-18 14:01:20.048443+00	t	f	\N	\N	\N		\N	fad8f23e-6c87-4636-8928-12d6952f2fd5	\N
301	pbkdf2_sha256$180000$HWMiD7LOWFVn$lQgrVMbOrtnL5YLoj2Zo2zXppbHdn5gqWM+tOrLIqI8=	\N	f	1210236028	 ملیکا مخلصی 			f	t	2020-11-18 14:01:20.274825+00	t	f	\N	\N	\N		\N	447c07aa-7214-4daa-bbbc-6a75d073ee94	\N
302	pbkdf2_sha256$180000$gIAj8X684j2W$mLuAW4EtAyFmzv666O6jWU2bDSdHhCN56w4hCbdW3sk=	\N	f	1210208296	 سپیده عزیزاللهی 			f	t	2020-11-18 14:01:20.507846+00	t	f	\N	\N	\N		\N	730d3353-788f-405d-8466-95cb6d180cf6	\N
303	pbkdf2_sha256$180000$54WufCFHvkvf$e+2ZGSNz4FuLdFafILi/hOiBHIckS7W7RxI9WqXjx/4=	\N	f	1210226979	 نیوشا قایدی			f	t	2020-11-18 14:01:20.729889+00	t	f	\N	\N	\N		\N	35ee1c42-e7f0-4f7a-b714-5bc63ca3020a	\N
304	pbkdf2_sha256$180000$riptOdY3Oppi$Lg7Gb8L8LG4Mm11sqfNkTYNPM4o1WVH4iGqW1YPLytQ=	\N	f	1274555809	 فاطمه  البومرادی  			f	t	2020-11-18 14:01:20.932919+00	t	f	\N	\N	\N		\N	8e300cda-2ce9-46d9-941a-2ae509b2fc9c	\N
305	pbkdf2_sha256$180000$G84ZH920yY9I$aLRFP9uu7oxsXmLZuOogdcujaFJTWoh+5Lg5GAxk1fQ=	\N	f	1274562252	 زهرا  انصاری 			f	t	2020-11-18 14:01:21.150324+00	t	f	\N	\N	\N		\N	db0dec3f-b876-4515-8a77-c37622083455	\N
306	pbkdf2_sha256$180000$bEzNftkSRCyP$yYywrsNLy6YSZgTsXejl0+ws8FshtuWvw04oYGAb8nc=	\N	f	1150279117	 فاطمه رحیمی			f	t	2020-11-18 14:01:21.342502+00	t	f	\N	\N	\N		\N	cabbdace-16d4-4ccb-b7df-591098d5e105	\N
307	pbkdf2_sha256$180000$z4TOkHmloFYW$53W7Tw9RFORGhzZgs8kBwn8OKDYEIvGaSUlCLGcRMW8=	\N	f	2051299617	 سمانه غنی پور 			f	t	2020-11-18 14:01:21.618441+00	t	f	\N	\N	\N		\N	11db0646-a068-41c3-8272-48c2cfb20b69	\N
308	pbkdf2_sha256$180000$xdYauG04rJgQ$+Oyu5RSG7iTqe63OjGHKqyr76V+tanU6K+D5nAvyZDc=	\N	f	4421312851	 مهتاب قاسم پور خردونی 			f	t	2020-11-18 14:01:21.842386+00	t	f	\N	\N	\N		\N	7863b3e6-b0a4-4359-9212-18d6ad06715b	\N
309	pbkdf2_sha256$180000$HbmkqKm2I4pZ$nycEBSKg/wSoBOzlVwiv4A9zHijvklAFOQ51aJvVvx8=	\N	f	2051349231	 فاطمه زهرا اکبرنژاد			f	t	2020-11-18 14:01:22.095611+00	t	f	\N	\N	\N		\N	bfbf5d57-6cdb-4034-9910-c9c8db2ad530	\N
310	pbkdf2_sha256$180000$a4LlS8vleU1I$Rs8aP2XxcibC5LcQD6hBw8CTyy6Wk1OMGnzUEe7CZn8=	\N	f	1274380138	 نگین رضایی 			f	t	2020-11-18 14:01:22.336236+00	t	f	\N	\N	\N		\N	b2e4e65f-1e4e-407c-b9a9-dec990a6e200	\N
311	pbkdf2_sha256$180000$sDFTP8Sjxw8V$FcloKw/h0O0NIg/q8m8bVGGNFrvcZmzXmhq5V+kearg=	\N	f	1274452163	 ساجده سلطاني 			f	t	2020-11-18 14:01:22.60498+00	t	f	\N	\N	\N		\N	ea62bc80-962a-495c-b77a-fb5cc88df85a	\N
312	pbkdf2_sha256$180000$eFzjhPYHHXwR$r3AK1VCjqSjmhAR4AtkYTcH96taZDMMmI9AIvXVI3XA=	\N	f	1274358019	 رژینا  ابراهیمی			f	t	2020-11-18 14:01:22.849025+00	t	f	\N	\N	\N		\N	96e0f7a8-5e1f-48fa-ba54-c375dd334f70	\N
313	pbkdf2_sha256$180000$4K3Lf3vgWl99$tSAXFbIE1OZAGVgCO3FcY+PmQUT1nsn2crSvQVBN2gM=	\N	f	2051306117	 عسل ترابیان 			f	t	2020-11-18 14:01:23.071951+00	t	f	\N	\N	\N		\N	ecbf6798-650c-43e8-86e0-2d6fccd155da	\N
314	pbkdf2_sha256$180000$CnyvnLHUk2er$U9PRYcDKG/gf6nku1TomCWD3DdRQvmoZfxrf/UcxNdE=	\N	f	2051315027	 نازنین زهرا گرگانی 			f	t	2020-11-18 14:01:23.304379+00	t	f	\N	\N	\N		\N	c7a8459d-7989-472a-9dbb-de09f1360709	\N
315	pbkdf2_sha256$180000$eHFElCjueo47$+Lyus1LphDao69y/a+fa4w8LlmU6D1v7HcB7sZhbx38=	\N	f	0151026998	 یوکابد حسین نژاد			f	t	2020-11-18 14:01:23.576691+00	t	f	\N	\N	\N		\N	ab94d0db-e0aa-44d4-a0c2-130838a59059	\N
316	pbkdf2_sha256$180000$vjqokm1Ec9bw$QKBO6bYGix5PJU3F2hGwmDcz4tkKW6jHhFuVoZ9HCCk=	\N	f	1274312205	 اشکان تاجمیرریاحی 			f	t	2020-11-18 14:01:23.848681+00	t	f	\N	\N	\N		\N	e0a5e8bc-7ac3-4632-8f05-8eb14de50ce5	\N
317	pbkdf2_sha256$180000$mRwAg6xyxQp3$cB7hd/610+0UXWFSkhYcCwpJEyuwaSPr08fEDVhQKVc=	\N	f	4421225975	 امیرعباس خاوری 			f	t	2020-11-18 14:01:24.122953+00	t	f	\N	\N	\N		\N	132c20dd-5dd8-4680-bae6-f3d1be50397a	\N
318	pbkdf2_sha256$180000$761kj0k6PwyE$N5M281vu/VYzjoulm9gV5b9DkIBwPq3orwtUHCJJSBc=	\N	f	1274321867	 پارسا نباتی 			f	t	2020-11-18 14:01:24.372736+00	t	f	\N	\N	\N		\N	6f65ba94-4e8d-4067-8d01-bd8ea7483ae8	\N
319	pbkdf2_sha256$180000$MWGsrxYY957E$mlzpskJNVs4gFm0nUshWnmMN2xkXB6w38C5oBUpazfw=	\N	f	1160481431	 محمد سلطانی 			f	t	2020-11-18 14:01:24.600053+00	t	f	\N	\N	\N		\N	24f901cf-653b-4c36-adbd-a11cb0ae9e7f	\N
320	pbkdf2_sha256$180000$06DcIxbV39Mf$eByjknXJrJkDV3hpYRB/lBviz8s4etH1XbbSInGmcFE=	\N	f	1274186382	 ارمیا توکلی 			f	t	2020-11-18 14:01:24.835415+00	t	f	\N	\N	\N		\N	b9faabae-da2d-4bd8-abe0-94422909e6cf	\N
321	pbkdf2_sha256$180000$YsX5PCtkTr27$9ULjvsksk5eOt8iFvqPNYQdhzHX7P88GYgrJG4nauMc=	\N	f	1160494215	 رضا  صباغی 			f	t	2020-11-18 14:01:25.050989+00	t	f	\N	\N	\N		\N	621ec90c-9b96-497c-bf9d-fe585d7abcb3	\N
322	pbkdf2_sha256$180000$XevsISEPOBVS$ZQZ1Q8111RFa3R6lvLfldJvAhqYNMyg4b2cuAA5RFlk=	\N	f	1274144795	 الیسا بصیری 			f	t	2020-11-18 14:01:25.269068+00	t	f	\N	\N	\N		\N	ae9f7798-517a-4c54-b59c-69e752a41c48	\N
323	pbkdf2_sha256$180000$JMRwpxHKOTiy$EB4FxOI3ZJA2NXfI8ZC+z8N1dGCWTon5yXKo33lp88c=	\N	f	0441299733	 فاطمه سادات  میرهاشمی  			f	t	2020-11-18 14:01:25.481694+00	t	f	\N	\N	\N		\N	e1af7c91-a7d0-4a5f-9a0e-edbb0b1c03d5	\N
324	pbkdf2_sha256$180000$rg5yfzz3MxEV$tCZCOtqH2wU1NUjPA9NBNULemPKJxQYAVMzw4T5rBik=	\N	f	1080738703	 غزل هادی			f	t	2020-11-18 14:01:25.709288+00	t	f	\N	\N	\N		\N	c4e7286a-57f7-42e6-9acb-ff3a3cfe097b	\N
325	pbkdf2_sha256$180000$6qVLqLMF3evf$NCEKJ3o3C8815+JciSv9WSDSh0CR94Bqzh0UjpXvmvU=	\N	f	2051358850	 شادمهر سرافرازی 			f	t	2020-11-18 14:01:25.93114+00	t	f	\N	\N	\N		\N	3c46a090-8eca-4d0d-90f7-894bb7b0d9dd	\N
326	pbkdf2_sha256$180000$PLd9xGvtVEcZ$UpoIWmMVMTaKwxyoTzuwqt9RdGQa7hd/h/tZ5/Lr6/A=	\N	f	5000210700	 علی مسلمی 			f	t	2020-11-18 14:01:26.150285+00	t	f	\N	\N	\N		\N	972366a0-e50f-44c4-9020-74f47c1bf46b	\N
327	pbkdf2_sha256$180000$ffnDwL5oq7Bi$n4CLBsYiFgUn/JI0Sgu2EiemDZh0hQ6YyWrD8mbX2j0=	\N	f	4980433065	 الیاس غلام نژاد			f	t	2020-11-18 14:01:26.387416+00	t	f	\N	\N	\N		\N	858ff0d0-1e50-4548-840f-972fe262d52a	\N
328	pbkdf2_sha256$180000$sptTkReGO0ut$l3FeJDeBYMWTAumVHIFIPziFY4WmvDUXWuPLnX92Lg8=	\N	f	0441258204	 سیدعلی   ظهوریان پردل 			f	t	2020-11-18 14:01:26.650219+00	t	f	\N	\N	\N		\N	e0dfbbef-c69e-49c5-af55-9ed3f5e01dfa	\N
329	pbkdf2_sha256$180000$1hJa21wIYNQm$RYWbmEYxHS27PTTt2NSQTERCdPf9vtMMFeQs1kioSJE=	\N	f	0150736231	 محمد امین  نظری مقدم 			f	t	2020-11-18 14:01:26.875531+00	t	f	\N	\N	\N		\N	1905c4d3-c2c7-48bb-abbe-cfe398108325	\N
330	pbkdf2_sha256$180000$qCtSwXhDOdZm$WFOCe5408Vs5dvg4/0IyBFSRPAVoO8JKRTS6tTZ5vd0=	\N	f	0441402089	 سید محمد ظهوریان پردل			f	t	2020-11-18 14:01:27.115271+00	t	f	\N	\N	\N		\N	69593366-b660-47b1-ade3-1ad4142f8952	\N
331	pbkdf2_sha256$180000$nBulPe0BZU2z$gMhqADOgEaRT7A9zTqJn6fQzQJSfaCkh4RtOvfbZZOg=	\N	f	2051299315	 ابوالفضل حبیب پور 			f	t	2020-11-18 14:01:27.348488+00	t	f	\N	\N	\N		\N	9c4451e1-ed45-442b-b01e-168697975b0b	\N
332	pbkdf2_sha256$180000$g6QnETFOTuZg$g3JXfSXuezuMhroq8/ILkE7+GRHPTSWPKb0/moyUNQ8=	\N	f	2051339635	 بهمن مسافری 			f	t	2020-11-18 14:01:27.572597+00	t	f	\N	\N	\N		\N	03c7718d-0fc1-4f7a-a800-b984a05e314c	\N
333	pbkdf2_sha256$180000$p3CEEglrq5Oi$tndOfsHNxk34DUvgN7M/URLRVZZ2qeeTxBVux7jYpBI=	\N	f	2051310580	 سیدمحمد طالبی			f	t	2020-11-18 14:01:27.784812+00	t	f	\N	\N	\N		\N	081779ec-5ec2-43ca-830f-0399eff1db44	\N
334	pbkdf2_sha256$180000$CpRfnM1s7jUQ$dTDiqngPKGjQM/dTLKuG2GK+ir6hnpNUr7Vp07QkO6w=	\N	f	0150958651	 علی عزیزی 			f	t	2020-11-18 14:01:27.99325+00	t	f	\N	\N	\N		\N	f7a87f2e-21a2-4bd5-a3d8-e450b05637a0	\N
335	pbkdf2_sha256$180000$xiKeLvEYAbqP$bEm5622K0RBHC43621ZAjYakoxA6+zfTWGNiyMiHyDc=	\N	f	2051309949	 علی صانعی 			f	t	2020-11-18 14:01:28.198116+00	t	f	\N	\N	\N		\N	8f727d9a-6d58-41e8-bc50-d8ee79393f33	\N
336	pbkdf2_sha256$180000$97eR2lmhQwaf$GT2vlYuoINPnb4I9N1ZDpa4HP8J8eGINkFiDbWIO8qw=	\N	f	2051297320	 پارسا اکبری			f	t	2020-11-18 14:01:28.442187+00	t	f	\N	\N	\N		\N	9da71eaa-3d92-4efd-8fd7-a6a8b94bf6d7	\N
337	pbkdf2_sha256$180000$HtZ0WaU0E94F$Jx61qkccU2A5OoiO9sJ0aV5S4gvMcAYGq4G1s2XnduY=	\N	f	5680068028	 امیرحسین عمران پور 			f	t	2020-11-18 14:01:28.727067+00	t	f	\N	\N	\N		\N	301a7442-a71e-448c-87a2-2214bd922741	\N
338	pbkdf2_sha256$180000$fbom1UekCI09$Pd2wXURMjIfeccE1Y2AnO0Ju4nuX/8xaxVIt3HRfULY=	\N	f	2051333963	 محمدطاها زاهدیان 			f	t	2020-11-18 14:01:28.99634+00	t	f	\N	\N	\N		\N	26a72866-0b79-4221-8963-eec0ba632116	\N
339	pbkdf2_sha256$180000$n0hn6dd68UBx$xfXvAsv8Aj4ShKWYHii9JhFa/eByttCtFLL7pqR6uL0=	\N	f	2051309795	 پویا اگاه			f	t	2020-11-18 14:01:29.230717+00	t	f	\N	\N	\N		\N	c79d0046-d196-46a6-8c57-b5698c1e9e7f	\N
340	pbkdf2_sha256$180000$POiLWMGycr31$FoCzxYeswPEh+Ziu3itzYKqRSx1MY1JCALIAh5tQijI=	\N	f	1274508401	 محمد صادق تقی زاده 			f	t	2020-11-18 14:01:29.45557+00	t	f	\N	\N	\N		\N	e03ea3fb-8a20-4ca3-af5a-cbd6eb59ffc7	\N
341	pbkdf2_sha256$180000$SrUxYkKdVkDG$Zh9TCgmpIodbtJmR0gahqcKqC1IVm0LJRc/mal9SHrA=	\N	f	1274484308	 محمد شهاب شرافت 			f	t	2020-11-18 14:01:29.66881+00	t	f	\N	\N	\N		\N	aecef488-c8cf-48d5-8b52-0ad3ce5cda15	\N
342	pbkdf2_sha256$180000$ag1DBvbnKBEN$W6YZax62YKioN6cES5tfY1c7B9vcazYXRIgsy6DL7IE=	\N	f	6090094651	 محمد مهدی انصاری			f	t	2020-11-18 14:01:29.880611+00	t	f	\N	\N	\N		\N	2cfad0fa-caad-41e7-a7cd-1390be652e87	\N
343	pbkdf2_sha256$180000$uQT4omRfVFdW$mVevdNRYh2xO59Ju9C7RVYGqfBV/zcuHfBgjwRKg0GA=	\N	f	0025524607	 کیارش کاظم نژاد 			f	t	2020-11-18 14:01:30.112455+00	t	f	\N	\N	\N		\N	f55d35dc-46b3-4fa5-ae12-fe3c06f7e6cd	\N
344	pbkdf2_sha256$180000$kksGGALc20sA$WZad/FG9vuw2/yisyCWNH+Y1Ps/zV+s9AqEMQcR/lDg=	\N	f	2051237816	 ایلیا رحمان نتاج 			f	t	2020-11-18 14:01:30.31291+00	t	f	\N	\N	\N		\N	0c3e003b-2652-43d7-9743-e709f8eb9dcb	\N
345	pbkdf2_sha256$180000$VnOJzII28D5p$zi7BTmp13671amyAtFlp37QrvY/YjumDFsWatgSebEM=	\N	f	2051250987	 ابوالفضل پورتالاری			f	t	2020-11-18 14:01:30.509642+00	t	f	\N	\N	\N		\N	2f6ee18c-bcb1-4eb9-b22a-dd03de1076e5	\N
346	pbkdf2_sha256$180000$NcOXzFG69Hau$inQrf1nBi+tPFSuBSjVdGgxnAyPw3mPweRE1isx8YyY=	\N	f	2051233330	 امین اصغرنیا 			f	t	2020-11-18 14:01:30.756742+00	t	f	\N	\N	\N		\N	1deb09a9-d2ed-4321-8a73-9db9176abe73	\N
347	pbkdf2_sha256$180000$C7jwLSc05iAP$lwkWWPoXz64tLt+Z0w9FZ03GbMGCV675xL1PrpggZ4I=	\N	f	2051249296	 فریدالدین اشرفیان 			f	t	2020-11-18 14:01:30.979255+00	t	f	\N	\N	\N		\N	3c16d7b1-65da-4ee8-972e-e71847aa6ff3	\N
348	pbkdf2_sha256$180000$0DtltUcsTKJO$7CJXm0eBMdJrMX/0ZlY651cmsC2BjastThwVsF0E42c=	\N	f	2051275831	 ارشیا  میانکلی 			f	t	2020-11-18 14:01:31.214406+00	t	f	\N	\N	\N		\N	0ab130ad-b2ac-459f-96cf-4372181d7490	\N
349	pbkdf2_sha256$180000$245kYXffMZH2$IkKKqq5U3+to4GLvfawcFVsqdPI1aQfZLhnbltTIZYI=	\N	f	0441315895	 روشا  اریا 			f	t	2020-11-18 14:01:31.444581+00	t	f	\N	\N	\N		\N	e0298a9f-8e09-488a-abf0-e757e02ead19	\N
350	pbkdf2_sha256$180000$VvZ2jFYpFdQO$MlRItX4WFD8bGQUjMXJwKvTAHi5MSkx93coTPLI3x1U=	\N	f	0150835914	 شایا الهیان 			f	t	2020-11-18 14:01:31.679057+00	t	f	\N	\N	\N		\N	427a6c72-5b3d-420a-bc58-5fe6fa8d99af	\N
351	pbkdf2_sha256$180000$ejZK2MAWCsUs$y8bm3nmxkExouL0QpwEZ/ZPtvEz51kNteDUtdrgNi+8=	\N	f	0150877439	 ایلین جبارپورانگیز			f	t	2020-11-18 14:01:31.895849+00	t	f	\N	\N	\N		\N	fdf53100-a8d8-43e3-aafe-875794c820b0	\N
352	pbkdf2_sha256$180000$waJen0UCUeVa$hiewDbwGzHyW3wWilKXrL1x2uRQRJkI9gJG/Hl5hneI=	\N	f	4421228044	 سامان مقدسی 			f	t	2020-11-18 14:01:32.128936+00	t	f	\N	\N	\N		\N	64846eb7-1aa3-42e2-8b8e-1599109418e1	\N
353	pbkdf2_sha256$180000$InR8t532BUZD$AwR1ioAdNEATeJH0YOEqKnZYW4dUSJBwOKbHPd2c+K0=	\N	f	1080682139	 محمدرضا ناصحی 			f	t	2020-11-18 14:01:32.346042+00	t	f	\N	\N	\N		\N	b38fe458-dcfd-4f1d-881a-fc36b351e6fe	\N
354	pbkdf2_sha256$180000$T2q7Ju4SNEpg$dxoLv+E7iZ/vOhByr9ovxazXysi74qg02qgpt0bw32Q=	\N	f	1080691685	 ابوالفضل قیصر			f	t	2020-11-18 14:01:32.559964+00	t	f	\N	\N	\N		\N	2a47f033-17f4-41a8-9783-f7de1e58df5a	\N
355	pbkdf2_sha256$180000$cc8WaIR5tXmk$UqT0EC/rJoDhK/8DWRMMiCjZTmro9aYinPS/EfU3Y3I=	\N	f	4980408389	 متین  مهدی تبار 			f	t	2020-11-18 14:01:32.770777+00	t	f	\N	\N	\N		\N	efdeca98-a131-4109-a1d7-b50b30392521	\N
356	pbkdf2_sha256$180000$Y7CVOsIV3S5L$Pa4+cofMgAEeyb+MCkDmyB9qTF4dNd3IZRFrCIYyH/8=	\N	f	2051243026	 امیررضا ذهابی 			f	t	2020-11-18 14:01:32.97938+00	t	f	\N	\N	\N		\N	1afe593c-3b8a-4cab-927a-3a73cc4aea3e	\N
357	pbkdf2_sha256$180000$GTTISmJ7ShfY$ImaQEdxSheNQfzRFVYfUlr/LRM3AtwHqPtDsyWUHB44=	\N	f	4980428959	 ابوالفضل  خیر الله زاده 			f	t	2020-11-18 14:01:33.193655+00	t	f	\N	\N	\N		\N	0a4fa37e-06dd-4872-88f9-35cda417e7d3	\N
358	pbkdf2_sha256$180000$cMSehx6p77cz$uNA4DEs4EXhYpnn+0vdF7JEVP/Xog4dA9YXZqkkrMgA=	\N	f	0150875071	 ارمیتا مهری 			f	t	2020-11-18 14:01:33.41945+00	t	f	\N	\N	\N		\N	59c79c3c-d5bc-41e1-bcce-d3b501a55844	\N
359	pbkdf2_sha256$180000$WXOK47M3B1Hs$Stg+6USBIOGpz5nkoBZVx7SXj0fTCq0yY/2dBLoDa9E=	\N	f	0150914520	 ایدا شریف زاده 			f	t	2020-11-18 14:01:33.644062+00	t	f	\N	\N	\N		\N	c5f2939b-3f1d-4ec8-b042-ac77dec8fcd8	\N
360	pbkdf2_sha256$180000$oVpUnkyuAFwZ$KuZfzxw+RHgnWibDCsQYnzEY0EmWRNUS5HsFD40EoMY=	\N	f	1274408113	 سوگل لطفی			f	t	2020-11-18 14:01:33.917184+00	t	f	\N	\N	\N		\N	8a0f9db8-c224-4cc3-89bc-06cd5df49bc5	\N
361	pbkdf2_sha256$180000$FPhlsvfI5gnm$hAXSaQUA9nxLQ5i7UGnILOMYhOTev4nDGOSYZiEYA0M=	\N	f	4980404936	 رادین نورزاد 			f	t	2020-11-18 14:01:34.158749+00	t	f	\N	\N	\N		\N	b70fcbe5-b3d4-4059-b8bd-cf45415aefbe	\N
362	pbkdf2_sha256$180000$ZIyMwXrQpfTG$CgiGuyuCf2e7Qwh+LxbqwrMIh7dSRsVeMLQM0B2vT90=	\N	f	2051230471	 سید امیرحسین محقق بهشتی 			f	t	2020-11-18 14:01:34.387699+00	t	f	\N	\N	\N		\N	bc1cc170-d9f1-4e23-9536-9432ab96eb9a	\N
363	pbkdf2_sha256$180000$igIUwmq9EGte$j2YS6sR3ONLCBwfo+T8PL7hLPfoa2IT8LulgISH6scE=	\N	f	3861478382	 بهامین  زعفرانیان 			f	t	2020-11-18 14:01:34.623518+00	t	f	\N	\N	\N		\N	757e25e4-46e0-4aaf-9629-66a7d5ea67b9	\N
364	pbkdf2_sha256$180000$GFNB3eD3I6ZS$47+t8/NWWDk5dfl32chzWfN7N+xohqkMIJwJSXOIu90=	\N	f	2051330621	 ابوالفضل اخوندی 			f	t	2020-11-18 14:01:34.844099+00	t	f	\N	\N	\N		\N	2c1e967f-3f5a-4075-bd74-8fd0f4a9a892	\N
365	pbkdf2_sha256$180000$eZk0BoPJ72Mv$LUhK3aQiu/8I52zCLeIq/ahYnKovInelGcE4mgzYz6Q=	\N	f	2051352321	 نیما اقاجانی 			f	t	2020-11-18 14:01:35.053206+00	t	f	\N	\N	\N		\N	f2f090ae-98ee-4668-8d59-345462a25f3b	\N
366	pbkdf2_sha256$180000$0rKnn7CSj4ZO$yvawyIHOENnrsXZfzj9M5c9nzMRXyUEqdB9dBUIwjeA=	\N	f	4980441203	 علی ازادی			f	t	2020-11-18 14:01:35.287046+00	t	f	\N	\N	\N		\N	40f587a9-22d1-48b0-9f4c-a5436b02577e	\N
367	pbkdf2_sha256$180000$f8yDikmqs0DV$kOJpFclC8anVxIuI6XCGhpoWap8WtlC3bBx30cj37z4=	\N	f	0150592681	 بهار فرزانه 			f	t	2020-11-18 14:01:35.533111+00	t	f	\N	\N	\N		\N	83b7b053-cf7e-4b4c-a0bf-c7740c40f338	\N
368	pbkdf2_sha256$180000$Bt4KzOHJfjFs$grcwycr/I3aF8b1A3YOqlRZTZLTlKIMg+IXkC+r8wDs=	\N	f	0150621353	 دنیا  اصغرنژادمقدم 			f	t	2020-11-18 14:01:35.750573+00	t	f	\N	\N	\N		\N	c9d9624b-40a5-422a-be4b-431fb37a3bad	\N
369	pbkdf2_sha256$180000$lZCkffkopN8o$fK0agwlgP9Yqg32yb6u99hn5JcjRVpqEFRuZu03cXLA=	\N	f	0025681168	 مبینا بیات			f	t	2020-11-18 14:01:35.983312+00	t	f	\N	\N	\N		\N	26e1af1b-4721-46bc-9a81-dcb43ec74993	\N
370	pbkdf2_sha256$180000$BuoG8BA4fxNZ$N4rq6ZgY3FSWiPBF9dPjLha3cbvR7m9ksNZi8W8PJ8k=	\N	f	2150764229	 فراز حسین نیا 			f	t	2020-11-18 14:01:36.239734+00	t	f	\N	\N	\N		\N	e54beebb-a36d-400d-bc78-4d4f12144588	\N
371	pbkdf2_sha256$180000$u1Nj7QRBA13j$+2piR+5f3mPJjxqcqRiXnwN+rVHVXASxEDGgbKcYfwg=	\N	f	4980436544	 حسین حسن پور 			f	t	2020-11-18 14:01:36.456346+00	t	f	\N	\N	\N		\N	6f9cb124-7978-4dc8-a937-fa22a39583c6	\N
372	pbkdf2_sha256$180000$gydV2Sg8kwsR$U77cKN02/94nqd/KKQlkPI0hwv/WBQTnxpN+OzlKnrc=	\N	f	2051342083	 علی حسین تبار			f	t	2020-11-18 14:01:36.721573+00	t	f	\N	\N	\N		\N	cfeeb25d-5c5e-496b-b410-d7b481db20e3	\N
373	pbkdf2_sha256$180000$4qXZ5Jg8iUOo$xNm09fDYtYa2QypJGO+WQ41O3Uy6GDJ1hx2M4BifYaw=	\N	f	0441237037	 سیده یگانه  اسدی 			f	t	2020-11-18 14:01:36.948534+00	t	f	\N	\N	\N		\N	2cce8a04-158f-4b0c-96d7-a10390584315	\N
374	pbkdf2_sha256$180000$ZoWlQfWng5g5$vkbLp0A4FnU9zkcwE7teJih7aXPhw17ibDydKrMnXBw=	\N	f	0441168396	 سارا  مهانیان خامنه 			f	t	2020-11-18 14:01:37.172582+00	t	f	\N	\N	\N		\N	47366a13-61a4-428c-a0cc-2487cca22a51	\N
375	pbkdf2_sha256$180000$ra5pmXqRoyoH$mNemSYQFiZiTwftBMKOISTC5X3VlVgla0zdU3yM0FA8=	\N	f	0441234364	 تینا خزایی			f	t	2020-11-18 14:01:37.387034+00	t	f	\N	\N	\N		\N	544074fe-7671-4383-b7d1-b480f4c6e3b6	\N
376	pbkdf2_sha256$180000$ZurVrLaRd9ox$2aP1GIJlIBFo+GdV/xMFmhXz7AV3VXFy2Aia7kD/Oxs=	\N	f	2051316961	 امیرحسین اسدی 			f	t	2020-11-18 14:01:37.605822+00	t	f	\N	\N	\N		\N	9fb3ff08-37e5-4113-9ac0-811fe75b5d6e	\N
377	pbkdf2_sha256$180000$hjy66J5z75IW$ByJZIEcbxgkrvRgz/B4fludu19kz+3fVH7ogcK/j0Nk=	\N	f	2051293708	 سیدمحمدجواد  طاهر 			f	t	2020-11-18 14:01:37.842437+00	t	f	\N	\N	\N		\N	cf7c1ab8-ec79-4dce-b9aa-971694e36d58	\N
378	pbkdf2_sha256$180000$nEur7XHLFkYP$HiEvqFU+L4jo2LsAGB0IAfJJVp2rRMPQz0xxcUVFVrw=	\N	f	4980420141	 سیدبردیا قریشی			f	t	2020-11-18 14:01:38.056595+00	t	f	\N	\N	\N		\N	90add618-91f9-452b-aae7-97b59630e97f	\N
379	pbkdf2_sha256$180000$5BxoI2UriukB$9ceP+xzRSTjDo3cW7Gm+IQwVFTaMbiRkvKDp1ZuUJpQ=	\N	f	4890600183	 فاطمه  حیدری 			f	t	2020-11-18 14:01:38.290968+00	t	f	\N	\N	\N		\N	449936e3-c569-4b7d-84d0-838e3ad6f21b	\N
380	pbkdf2_sha256$180000$Nd3IABYolS1o$PRpv0/vcy10BrYitydvv3GrV+T5edjyt3cMO7izBzQ0=	\N	f	4890614745	 شمیم زهرا کیاروستا 			f	t	2020-11-18 14:01:38.541981+00	t	f	\N	\N	\N		\N	90f90b07-d76c-46cd-bfbc-8d754db59846	\N
381	pbkdf2_sha256$180000$Y2hBP9Z877ib$QvRKIpf7JRSouW2csjPl9Zjg8K1l7+Ml6f/J+nxVmr0=	\N	f	4890596968	 فاطمه دهقانپور			f	t	2020-11-18 14:01:38.796273+00	t	f	\N	\N	\N		\N	b3ec1810-d1c8-4600-baa5-5691f7d5f372	\N
382	pbkdf2_sha256$180000$qYgKgrKksTCO$uzsVtsNkKg2xm0n5kDY40r0MxMyQWDAjyEDWAOwPpjE=	\N	f	0025648934	 سیده یگانه اسدی 			f	t	2020-11-18 14:01:39.065648+00	t	f	\N	\N	\N		\N	e945ed37-328f-4dd2-ab6e-f85105dcb1b9	\N
383	pbkdf2_sha256$180000$8vzR2GOTXPAp$STorREUmFRFGWI8GfvUeQ3wEHCZaT1cASsWqEr5dl4U=	\N	f	0150624662	 سارا مهانیان 			f	t	2020-11-18 14:01:39.373374+00	t	f	\N	\N	\N		\N	0d558015-d249-414f-bc4e-8af44e461ed1	\N
384	pbkdf2_sha256$180000$XTnc4tPSdXcE$0CBzp+QtGmSoxlOt3+RvnzZOcH0m4X++jVt8EEANBrk=	\N	f	0250203774	 تارا میری زاده			f	t	2020-11-18 14:01:39.609384+00	t	f	\N	\N	\N		\N	a3e5b4e1-1512-4b5e-b86e-e26136147df3	\N
385	pbkdf2_sha256$180000$rPWrCE3Jatru$LuQAMwaNnFxrY3x+LrMIurezDUSAqNbeTT53cKoUpbw=	\N	f	0441208983	 تینا دهستانی 			f	t	2020-11-18 14:01:39.88307+00	t	f	\N	\N	\N		\N	994663a5-3450-4a35-9f94-2779063f20a6	\N
386	pbkdf2_sha256$180000$gBMZP035wzxo$Oi63au1JONXDHzlQFfpQnzTZ0SW+J9Chcyk3j4Yx/Ng=	\N	f	4711338764	 دیانا سابقی تهرانی 			f	t	2020-11-18 14:01:40.094922+00	t	f	\N	\N	\N		\N	571ec171-867c-4182-b9ea-d2ddca628b63	\N
387	pbkdf2_sha256$180000$dWhTbdbB70RU$nxOwBMgNRwwM5Dm1p7O6wVJD68dQ8E6SkEQ2efLslcM=	\N	f	4711335757	 سارا شریفی راد			f	t	2020-11-18 14:01:40.329277+00	t	f	\N	\N	\N		\N	e910d75c-6367-4705-8a6a-2c008dfcce0a	\N
388	pbkdf2_sha256$180000$nE4CeMn4OwOh$bVOVMG2TB36mF/AyXSqXTA2KC6/MKGLfejH/mur62jo=	\N	f	1274435390	 زینب جمشیدی 			f	t	2020-11-18 14:01:40.556305+00	t	f	\N	\N	\N		\N	fd79db3e-9bbd-42ea-87b3-3e84183b3ccf	\N
389	pbkdf2_sha256$180000$R6IWG1Dredcn$JKsGO/QWLvjgMSePD0iGCb2N60GaW7YY2SP2xYibIr8=	\N	f	1274497469	 فاطمه مارانی 			f	t	2020-11-18 14:01:40.781159+00	t	f	\N	\N	\N		\N	9d18ecfe-b73c-4707-b50b-29544cea8732	\N
390	pbkdf2_sha256$180000$4Mg0j8wFAgiB$cbHSJ8eOUu4u6TX8m0SGz8rv4yntLwbm8yz1fqguJOI=	\N	f	1080723102	 غزل امید			f	t	2020-11-18 14:01:40.983112+00	t	f	\N	\N	\N		\N	00494beb-ccc2-4bc0-8cde-8f7f520a2c0a	\N
391	pbkdf2_sha256$180000$cBjgMLcavRsh$EHKF3kD8iVV+3haFmgPuWl7j3gKWgn1O1eUoU5US+Pw=	\N	f	1080727612	 محمد مهدی محمدی 			f	t	2020-11-18 14:01:41.208264+00	t	f	\N	\N	\N		\N	5c564d2f-eb25-4b07-a7b4-641ef7d96be0	\N
392	pbkdf2_sha256$180000$XyyFa2rrKcoc$IFgPyIulaSPCGhO0ojyLRelwUiAPzkoAJLY6iyX2Pj0=	\N	f	1080706798	 سجاد کاظمی 			f	t	2020-11-18 14:01:41.424266+00	t	f	\N	\N	\N		\N	577808e8-2570-4687-8824-56e4d7d94ca0	\N
393	pbkdf2_sha256$180000$1VYija82JtT5$srHa62hWt8czx81uoJErpMq120qQ5S1Pq9/eDvK9n4Q=	\N	f	1080706895	 حسن موسی عرب			f	t	2020-11-18 14:01:41.638408+00	t	f	\N	\N	\N		\N	08854013-6c99-41e8-a371-3b4bfc926536	\N
394	pbkdf2_sha256$180000$mD4u10In1oVE$SIU+Dae10LdT4Y8VuBb+Rvsj3ZYXgVAY8vFBW0N63zo=	\N	f	3381364316	 امیرمهدی زارعی 			f	t	2020-11-18 14:01:41.867238+00	t	f	\N	\N	\N		\N	9553a346-197a-42f9-9004-5f254065e494	\N
395	pbkdf2_sha256$180000$ALHDhZwgSUbu$xrwBV1pvfGaAOd9vXNN94xxZ6acGiosoZGiTMTTczSQ=	\N	f	3381319221	 بکتاش مکاری 			f	t	2020-11-18 14:01:42.12548+00	t	f	\N	\N	\N		\N	18db7350-d834-4b50-915c-cecb6dd2a1d7	\N
396	pbkdf2_sha256$180000$xL5Pvbs4quC4$Jrokh3aTOeph98tbS5MHGM95+u5vcVbo3MzKhIwVE6M=	\N	f	3381331401	 کیاوش گلپیرا 			f	t	2020-11-18 14:01:42.343407+00	t	f	\N	\N	\N		\N	db8b9baa-1564-4765-9db9-6e866bd193e5	\N
397	pbkdf2_sha256$180000$M1AwcfouK27H$81ybCTUNHSGEPhOGma2sdGegexoQlvCb9R3XwN5k4Fw=	\N	f	2051364664	 مجتبی سلیمان زاده 			f	t	2020-11-18 14:01:42.542418+00	t	f	\N	\N	\N		\N	f6e90db9-35aa-4583-bf17-3bc0e78e6eaf	\N
398	pbkdf2_sha256$180000$dAxOxWGt9dlj$cW5tE2pVkCp81FEKuuvpmXWpp3SIWRNvWddwYQVpCiE=	\N	f	2051373116	 عارف عباسی روشن 			f	t	2020-11-18 14:01:42.772356+00	t	f	\N	\N	\N		\N	314d3abb-3f4c-4960-8e3e-7c1471341e37	\N
399	pbkdf2_sha256$180000$Cc7FduVjZ6yn$M8Q8IevwFsfNUU1gTCNbP6T68GCUhNznveaOpmeheIM=	\N	f	2051358567	 علیرضا کیایی			f	t	2020-11-18 14:01:43.001248+00	t	f	\N	\N	\N		\N	4286c90e-261a-4627-8e83-58a6d86c6432	\N
400	pbkdf2_sha256$180000$v61fcCAi2fLv$lxgkmWT3xwUgOdn5rf2rVMC/sAd/OAioRBSfILl4Gxc=	\N	f	1274457696	 پوریا  مرادپور 			f	t	2020-11-18 14:01:43.237602+00	t	f	\N	\N	\N		\N	d6d5c083-2ac2-42c1-b37d-a3089e3fc03f	\N
401	pbkdf2_sha256$180000$an4Gl37gtMwO$z06qB6ob335QwlmTLlkEblUBCV9EbLIO+Wf2K8PaxPM=	\N	f	1274387574	 کامران  کریمی 			f	t	2020-11-18 14:01:43.498102+00	t	f	\N	\N	\N		\N	b180097d-967a-44fc-beff-975544b54d84	\N
402	pbkdf2_sha256$180000$HiYzDQ1JS4vt$41XMHWKcDYZVEzMtqpXTSasKkujSA4h7IywbDtm+zvs=	\N	f	1100604405	 امیر مهدی مهرابی			f	t	2020-11-18 14:01:43.757385+00	t	f	\N	\N	\N		\N	51edc073-ea64-4378-9e38-0144c33dcd26	\N
403	pbkdf2_sha256$180000$75g4gnzsjPsk$Wm08NbAVWXsDxKOv+2344JZiNmCvT4+UxK3rG+/83lU=	\N	f	1274780888	 کیانا  جبارزارع 			f	t	2020-11-18 14:01:44.108421+00	t	f	\N	\N	\N		\N	cec2bccb-9658-4a0c-9fd1-bb1ba86cdd96	\N
404	pbkdf2_sha256$180000$0f4xj7cOMkso$r/+ewdpO2FAP41UmBhi1o7X/0NnqYlMTrNHgzZNrUrk=	\N	f	1274717752	 فاطمه الماسی 			f	t	2020-11-18 14:01:44.377028+00	t	f	\N	\N	\N		\N	25fc3746-b238-4a64-92a0-a526c19eab96	\N
405	pbkdf2_sha256$180000$giCgZuSUIIn0$bRDd7/gfezG1+l3TjwroMZh/fSjvBT8s47dfRZ9E7/I=	\N	f	1274712807	 بهار جمشیدی			f	t	2020-11-18 14:01:44.588026+00	t	f	\N	\N	\N		\N	d8dbfa8c-536f-41e4-b770-848805f7422f	\N
406	pbkdf2_sha256$180000$cQSyYK7k1Xud$N56QEekpvHLIGlThNMHDe3PSCAsTMHnXia8IKTUK06I=	\N	f	1274748119	 سنا حیدریان خرزوقی 			f	t	2020-11-18 14:01:44.798924+00	t	f	\N	\N	\N		\N	64742b6f-34a6-4585-9816-6315b498102a	\N
407	pbkdf2_sha256$180000$IRPAEp4RPxBG$zWn8Apudtxj1VNgkiXhVjdTVrgsbBvBkwiYwIE9yJKw=	\N	f	1274708923	 مبینا رفیعی دولت ابادی 			f	t	2020-11-18 14:01:45.019919+00	t	f	\N	\N	\N		\N	ce0bf33a-12c2-4c87-a525-38369dd0c923	\N
408	pbkdf2_sha256$180000$hpwiT0itqExw$EfpbJVSDxqPRsfHkSMmL7p35/bzriAzWmWgjEdFTrQQ=	\N	f	1274856965	 نازنین کیهان پور			f	t	2020-11-18 14:01:45.24674+00	t	f	\N	\N	\N		\N	16c03a68-807c-4e62-a044-a2c20f87c63b	\N
409	pbkdf2_sha256$180000$uait9CvdydMO$RUWithOV3TN0B25AP/CE5aTpLELPFtlHniEK7zYT7Rg=	\N	f	1274877873	 زهرا نجات بخش 			f	t	2020-11-18 14:01:45.481855+00	t	f	\N	\N	\N		\N	b09b2caf-1d09-4817-9cb8-8587679d4a70	\N
410	pbkdf2_sha256$180000$evI5sGGGjKva$S0jhC/9Ja7ove/OB/0yLVWrvQbhhnGyyQ83prPb46MQ=	\N	f	0200736884	 النا وهابی 			f	t	2020-11-18 14:01:45.701804+00	t	f	\N	\N	\N		\N	8c796c15-4749-4af3-8715-2b6d486a924e	\N
411	pbkdf2_sha256$180000$3R8D7NOtCyvm$vG4XqrzCtBr+qguZcJAiB9mXdKn2ULSw/BoZ5x6ktes=	\N	f	1274803543	 عسل کشخالی			f	t	2020-11-18 14:01:45.943125+00	t	f	\N	\N	\N		\N	308e6c41-f983-4325-a1f2-0e2f905d61a7	\N
412	pbkdf2_sha256$180000$O93etH0upRCb$K8oOuiO2TWZ51PHKOe9YQ1Dlnbd3pSlNZBe8PULmFSE=	\N	f	0820604887	 یگانه ازادزاده 			f	t	2020-11-18 14:01:46.170556+00	t	f	\N	\N	\N		\N	6cd10ff4-e9b6-4e53-96de-5104b613b3c3	\N
413	pbkdf2_sha256$180000$XxhdxfG4mGRD$xAD83Wm9B0pgeVpq4R2iosbaShXGjFypk/KGh9WUG20=	\N	f	6350153073	 فاطمه کیانی 			f	t	2020-11-18 14:01:46.423382+00	t	f	\N	\N	\N		\N	027a586b-35c1-49dd-bc8e-65af4c6d6e0d	\N
414	pbkdf2_sha256$180000$tpAmfZI77edz$jwNuPhZLBzaI6x7Gh97yXdnt7jZJb485wtYGJyJliao=	\N	f	0820586102	 ایناز کریمی نژاد			f	t	2020-11-18 14:01:46.64079+00	t	f	\N	\N	\N		\N	62b237dd-4a48-4742-a7b1-7d92e1452191	\N
415	pbkdf2_sha256$180000$fp3TH8hQc3rf$sHx65q+kD424dm0IPsaeXcpFy28KxwCGcmGMyjfcbCE=	\N	f	2051298173	 همتا محمدجانی 			f	t	2020-11-18 14:01:46.852447+00	t	f	\N	\N	\N		\N	d2c71a31-2a86-434e-beed-5faa8905e9c7	\N
416	pbkdf2_sha256$180000$pNOrqMk3E9j1$+ZGCz48wRH1VLUQI7Kcsc1VIAFT1zjjj4bx3L8PYRqE=	\N	f	2051310173	 ملیسا مسیب زاده 			f	t	2020-11-18 14:01:47.07429+00	t	f	\N	\N	\N		\N	b2758e35-e8c6-43fd-ba4c-b3f34ab2b9e8	\N
417	pbkdf2_sha256$180000$Dw8Sid7f6mHk$N0y9CFdK1UVd1y5/qb+NU2qswHeqsWfPnGHf6gZPYt8=	\N	f	2051323933	 سما بابازاده			f	t	2020-11-18 14:01:47.29934+00	t	f	\N	\N	\N		\N	5666caae-c5b2-467c-a2ac-f8f4fb7a956e	\N
418	pbkdf2_sha256$180000$VjtFd3sQs0lz$AMdM4geLUSBUicJoeLlxfwiM4yfSqKkQvyuZFyPWY7U=	\N	f	1274736056	 شایان نصر اصفهانی 			f	t	2020-11-18 14:01:47.535525+00	t	f	\N	\N	\N		\N	cc79f992-aac9-42c8-8e06-9320fc984fa4	\N
419	pbkdf2_sha256$180000$0NVGwhVkYGSa$o+vdZTTFRX4URfWfc0q4JBHHDcVY3a/+EDENvXNbw4M=	\N	f	1274862191	 سید سبحان نحوی 			f	t	2020-11-18 14:01:47.750717+00	t	f	\N	\N	\N		\N	729eb051-2852-4f19-a590-5ab7edc72993	\N
420	pbkdf2_sha256$180000$UzwjRhob9exH$CIvHLO7jREjPZqn7w7dqgsyjVQeX8Rlw7l7WE+MXNQ4=	\N	f	1274683424	 علیرضا حیدری			f	t	2020-11-18 14:01:47.966037+00	t	f	\N	\N	\N		\N	97025884-0a9d-4b94-b83f-8eb6ec98e6e1	\N
421	pbkdf2_sha256$180000$rVo7P3Z6HwZe$yGnlE0fLnMcfIcvm7uSXpjJff5Pyb6stKFysx+RP3F0=	\N	f	2051393958	 ماهان پورمهدی 			f	t	2020-11-18 14:01:48.181443+00	t	f	\N	\N	\N		\N	ae8f6d44-4376-45d3-8d18-406eeade0f66	\N
422	pbkdf2_sha256$180000$MRUQrCYiYrtE$wbkelt6mFLKrgbzLy/9hXxsaXoDDGaOWDR7/SEffqxI=	\N	f	2051357501	 محمد امین پوراخوند 			f	t	2020-11-18 14:01:48.407699+00	t	f	\N	\N	\N		\N	b33c59d6-beda-4675-af0a-4b09d50e22d1	\N
423	pbkdf2_sha256$180000$WAmbIisva6LS$nUECPKl53GSZGhag2hBsoKyzImDm3EDvA0+5AwkvR5c=	\N	f	2051428751	 فرنام بهرام زاده			f	t	2020-11-18 14:01:48.632436+00	t	f	\N	\N	\N		\N	9b46dd9e-f896-497b-a8f9-821e80518a3f	\N
424	pbkdf2_sha256$180000$HfMPmKuy7Xg4$Y8L+S3quRdW2VYlPdkQAsqPOtjJ5d56ZAiAeeZQc7Lk=	\N	f	0313280738	    نرگس نصیری 			f	t	2020-11-18 14:01:48.859472+00	t	f	\N	\N	\N		\N	7980a20d-b985-43e5-858c-fea8d3561d7b	\N
425	pbkdf2_sha256$180000$3D9ySmydfALJ$f/QFaWle1hKlC0Yo59T1dmWNgwt471TS6VHc+OotpJA=	\N	f	7170028107	 زهرا سیفی 			f	t	2020-11-18 14:01:49.147954+00	t	f	\N	\N	\N		\N	99001279-0216-441c-8444-d4b55939505b	\N
426	pbkdf2_sha256$180000$kHw7tuCwXeYx$TY/9rT7wCH9PXI4221RFOUHLufWn2QC+X76QBAGZVdk=	\N	f	3243412080	 ساغر  منصوری			f	t	2020-11-18 14:01:49.421605+00	t	f	\N	\N	\N		\N	7673d458-5482-4b7c-83a1-ef42f5162ec5	\N
427	pbkdf2_sha256$180000$PIHGxvhiHRiM$knhsVwe4ly74n78nWA7RWZahm7dvEcmsz0UkQYDZKYk=	\N	f	1210208512	 زهرا یاوری 			f	t	2020-11-18 14:01:49.67416+00	t	f	\N	\N	\N		\N	d6128cf1-2ce7-4ea4-9e7e-5ea9660c7a42	\N
428	pbkdf2_sha256$180000$2BmCnxwKttQr$2/SwixC8rsZ87GcDbmjXE+28+B5v7ZENl/wfdod/GDg=	\N	f	1210208628	 مریم یاوری 			f	t	2020-11-18 14:01:49.886528+00	t	f	\N	\N	\N		\N	58a89c06-cd23-46b0-a419-0cb9ed6cd11c	\N
429	pbkdf2_sha256$180000$RC0LVJn0gq3R$nGNid2X2HoTjI/eX+iclfDAQV52lXH4f9fQPv1p/Q8o=	\N	f	1210205661	 زهرا  حقیقت			f	t	2020-11-18 14:01:50.126177+00	t	f	\N	\N	\N		\N	d4c4cf4a-db02-4e98-9431-02b7ba8b6895	\N
430	pbkdf2_sha256$180000$SdfjTu3CO7OD$5tFAx+1cGzJQ5StC7/vuNabjHYM3DPbnA1rF+0UDZJs=	\N	f	0025935348	 پریا شایان فر  			f	t	2020-11-18 14:01:50.427479+00	t	f	\N	\N	\N		\N	3899e03c-f5a0-4287-927f-e473c78e0f3a	\N
431	pbkdf2_sha256$180000$SNdNVKCuhhMz$rHTB9dDqIDxQnIRm/qQQkewgHyZWQ4kRYK9jP6I1zk8=	\N	f	0312908113	 الهام ازادواری 			f	t	2020-11-18 14:01:50.674015+00	t	f	\N	\N	\N		\N	8a81eb23-2538-4571-b779-f074e205852b	\N
432	pbkdf2_sha256$180000$kmVC2awVxHdm$lyCPstaUhRDf4FBUMJ9H/YyMv0kluXanASpQHR+KxSc=	\N	f	0312963645	 ارمیتا یوسفی نژاد			f	t	2020-11-18 14:01:50.907799+00	t	f	\N	\N	\N		\N	5e169ca7-c0ab-4830-a13e-19a8e8c75a47	\N
433	pbkdf2_sha256$180000$y2y0h0YlpXyy$Sdyivf1v/4sZPJxgP8D5RGgesLfB109By0bGCRM3wlw=	\N	f	4421454222	 پرهام  باقری 			f	t	2020-11-18 14:01:51.111696+00	t	f	\N	\N	\N		\N	5dd6b3c2-e031-4f0a-8b71-97d850a14f2f	\N
434	pbkdf2_sha256$180000$tf3jR7wjxTKm$xqi4zX5WZ+BqZW9tUuP2rg1uUoRbtGXBBGFnXdGfoPw=	\N	f	0250628041	 مهدی  ابوطالبی 			f	t	2020-11-18 14:01:51.332775+00	t	f	\N	\N	\N		\N	c9a5476d-3a8d-4878-9532-7cfae454879b	\N
435	pbkdf2_sha256$180000$FUecmlE26aa7$SIwH2UwECgtJGfhcZsbQzfFT3Sx9VqFFhJJ934j6Uw0=	\N	f	4421377775	 علی امین			f	t	2020-11-18 14:01:51.538652+00	t	f	\N	\N	\N		\N	bf5d1f17-bd64-4447-8e73-90ece011b761	\N
436	pbkdf2_sha256$180000$gB7OJBUTtM1L$ySMWW9xEK/s8XiI3Vkz4qRVyOmHSaibHxoUdVO34NBU=	\N	f	1274693950	 مهدیس رفیع زاده 			f	t	2020-11-18 14:01:51.780251+00	t	f	\N	\N	\N		\N	df938abb-9954-45c1-bf31-d3775b17adb1	\N
437	pbkdf2_sha256$180000$dWKCPw930fAE$utfku8GqX7wrxjxxTn5VDJITS6Jmwoy0ipQDOU5IdyI=	\N	f	1274847095	 دریاناز بزرگیان 			f	t	2020-11-18 14:01:52.030875+00	t	f	\N	\N	\N		\N	09013a01-2167-48de-ae4a-57b0fd1a05a8	\N
438	pbkdf2_sha256$180000$EireDyRw97tZ$6k8zmNZSAss4Yi6GwvYJOh+F5indmVvVq0FhijKqLJY=	\N	f	1274726468	 رایحه سیامکی			f	t	2020-11-18 14:01:52.243497+00	t	f	\N	\N	\N		\N	cafc4558-519a-435c-9d6b-2fa120bdf298	\N
439	pbkdf2_sha256$180000$jyDbmmDJFsEl$N3zB2OFeP52t3HYrf2aj5mBeGJPzJmNCSnp1KUDq1gw=	\N	f	3020760933	 علی اصغر  ترکستان نسب  			f	t	2020-11-18 14:01:52.454739+00	t	f	\N	\N	\N		\N	70362c48-4d9d-43be-9723-d7986d7e90e5	\N
440	pbkdf2_sha256$180000$WPO8LNEeLQKJ$tdMcHJEkb0WOYABAbh9NxEiIDAB7QSXH0WY7SXwI0So=	\N	f	3020755085	 رضا مسلمی مهنی 			f	t	2020-11-18 14:01:52.689201+00	t	f	\N	\N	\N		\N	5714a8f9-5b28-4c7f-9a9e-b70fd1b75d14	\N
441	pbkdf2_sha256$180000$m1wfbRdLETTV$YTdfmE1V2w0t7HxAK7IgK+MxM2RAUpczaLrYMo2V6+o=	\N	f	2981768204	 محمد امین  زکریایی کرمانی			f	t	2020-11-18 14:01:52.906318+00	t	f	\N	\N	\N		\N	870e7c05-516a-43c7-a334-e13733a99160	\N
442	pbkdf2_sha256$180000$d2SGfH1F5jO6$EbVuhXhcqGK9cfALva+fDSgbmQ3vwwRj98Zq89m/1uc=	\N	f	6600163275	 علی محمودی 			f	t	2020-11-18 14:01:53.109578+00	t	f	\N	\N	\N		\N	2f3f64b9-0756-4aae-a2de-7b2fa28d8b4a	\N
443	pbkdf2_sha256$180000$MAsMUh0yhNzz$+AW7BbbzMYxZ+al5QR40T6Dxm4SmUKMy2RHTXab2Dog=	\N	f	1274669340	 سینا امینی 			f	t	2020-11-18 14:01:53.331565+00	t	f	\N	\N	\N		\N	652da3e4-9e97-441d-94a9-ff2ad17fad41	\N
444	pbkdf2_sha256$180000$n9KbldP40Sk9$Ysx1MxN//SPZqLLZ6biYcEr0YJQId3UykIlFRqOWebU=	\N	f	1100629807	 علیرضا خورسندی			f	t	2020-11-18 14:01:53.541414+00	t	f	\N	\N	\N		\N	f7cf9680-ec99-48b3-a94f-ddbb7339844d	\N
445	pbkdf2_sha256$180000$IVzpc7h5fNl8$YRJ3IFmdyo5ebnhJApzGQDvEyZNTnOoIutYEqwIHbpM=	\N	f	1274391008	 پویا ناصری کریم وند 			f	t	2020-11-18 14:01:53.741968+00	t	f	\N	\N	\N		\N	5c5a12a0-b614-49a5-8695-1ab2710e47e7	\N
446	pbkdf2_sha256$180000$WZceVlUTGwGG$VHdiPSMNfqpAMaiv4IeoAEgBA7Df47rjbI036hQeO4M=	\N	f	1274378788	 پوریا  بختیاری  			f	t	2020-11-18 14:01:53.959169+00	t	f	\N	\N	\N		\N	ad751605-18b2-4da1-8aef-fe0d03c28417	\N
447	pbkdf2_sha256$180000$Y6y1qNp0vtDb$2gZDixzVot/kakRhQwqiWxU4nJ7LQk6iyC2MFxml3AI=	\N	f	1274458943	 امیر سبحان احمدی			f	t	2020-11-18 14:01:54.170507+00	t	f	\N	\N	\N		\N	dd09a31b-b69d-4df0-bea4-d13b92caf2fb	\N
448	pbkdf2_sha256$180000$zr98pBWXuGBo$JQQK53gIT+a1xfPMiYsdnDAcinnnuebI8H8fb23bsqw=	\N	f	1274400864	 عسل نادرالاصلی 			f	t	2020-11-18 14:01:54.51589+00	t	f	\N	\N	\N		\N	813e2870-6258-4711-bac6-d53c3432cd07	\N
449	pbkdf2_sha256$180000$H24tslQOupp1$5Ahm29Aghlnt2aMOvWPFl7zy+aDFrlBjDplItm4UP/0=	\N	f	1274595118	 پرنیان خالدی 			f	t	2020-11-18 14:01:54.864627+00	t	f	\N	\N	\N		\N	5c28d19d-0c8b-410c-88a9-50cf35fa5a63	\N
450	pbkdf2_sha256$180000$W2u9cHcSVBil$sVjr1CE3vlKVzpTg53sZmeBrFyd2bx22Gi5WB1nIJ/Q=	\N	f	1274539137	 ثمین  علی اکبری			f	t	2020-11-18 14:01:55.075078+00	t	f	\N	\N	\N		\N	999eddc1-b248-4251-a3cb-76547e72cefb	\N
451	pbkdf2_sha256$180000$7c16TGKXqGd8$ZJM2XehAp4u60jGoxHTtSMtgs8tNDtiL1JEb5hkyoLo=	\N	f	0312937040	 ایدا  ابراهیم زادگان 			f	t	2020-11-18 14:01:55.288692+00	t	f	\N	\N	\N		\N	c3e862b5-00cf-4f19-88e1-53b39cb52e99	\N
452	pbkdf2_sha256$180000$33SRrw86wMYX$iPeb/HG4E8EDKpT0KDtLbOFoQYXYFyUdiPIpKBVvnTQ=	\N	f	0312932804	 ایدا قمی  			f	t	2020-11-18 14:01:55.515027+00	t	f	\N	\N	\N		\N	0e2113fa-1345-497f-a79a-9f19698724d5	\N
453	pbkdf2_sha256$180000$ROq1XkxKeH7y$i3k9AkBPXlxRD9u3XceBkw3V79nRTWNNZB9yKmiNp7I=	\N	f	3861420074	 هستی روشن مقدم			f	t	2020-11-18 14:01:55.716375+00	t	f	\N	\N	\N		\N	f67d141a-3ee7-4490-bcb7-f3f46b15ce31	\N
454	pbkdf2_sha256$180000$hz29wSHfk8ni$FUX3TWU6P43YZX+90dt+A6UvtfUEF60hvTlyMVLUX5Q=	\N	f	4980418244	 سینا عظیمی روشن 			f	t	2020-11-18 14:01:55.959606+00	t	f	\N	\N	\N		\N	3d57473a-787c-49fb-bf90-e7447dfb559d	\N
455	pbkdf2_sha256$180000$QsfjzHTz4nlj$Ht7i7Xfdp/D0pRtKGToS92dcTXaIrLZvZIV/vcP/nOY=	\N	f	2051224341	 ارشیا  میانكلی  			f	t	2020-11-18 14:01:56.164497+00	t	f	\N	\N	\N		\N	6af401fd-c40b-4f59-9d6d-afd77a78151e	\N
456	pbkdf2_sha256$180000$hvxdVmObX7kM$XK+Vn7UTqv7Vluiln4ZJmMqNzIqCMh/ghRRdWcxB2jA=	\N	f	4980409113	 طاها مهدی تبار			f	t	2020-11-18 14:01:56.357351+00	t	f	\N	\N	\N		\N	9e985bdd-4b9b-42e5-9e66-d9c39b43b6d8	\N
457	pbkdf2_sha256$180000$C29HR93bIUWx$lqkPuYjFXeMI2ezaRtCG+CdLk7augLn2gv4AkP6/j88=	\N	f	1274578426	 سارا پوربافرانی 			f	t	2020-11-18 14:01:56.589415+00	t	f	\N	\N	\N		\N	4fa2c896-915f-4292-809f-8e4a14b3fd70	\N
458	pbkdf2_sha256$180000$5DIWrsa9ggmQ$dAHRg7XPYKU1Z4c5jIrbcmNi6GOj7b1HbplS1SYtJ8g=	\N	f	1274468663	 عسل هاشمی 			f	t	2020-11-18 14:01:56.837614+00	t	f	\N	\N	\N		\N	307e053f-9b99-4733-b590-e63fb710d7b1	\N
459	pbkdf2_sha256$180000$4wBUyHSgRUoM$L0QDQ6I+qvdxtCyYJD5Bq6O62IM7TPbDcTaPqjvGGPQ=	\N	f	6220040619	  پریا سادات حسینی			f	t	2020-11-18 14:01:57.066225+00	t	f	\N	\N	\N		\N	0e5c0589-c545-4d72-8a5d-93b8867794ef	\N
460	pbkdf2_sha256$180000$lrMFs6yIM9Jg$z4vOIx3PNS2VDq7AeucTGx7+y5ubiz1kQE2DDP5LZWo=	\N	f	0250543184	 نیکا محسنی 			f	t	2020-11-18 14:01:57.291629+00	t	f	\N	\N	\N		\N	12e7d4a8-063e-414c-ade1-3b024d3cb18d	\N
461	pbkdf2_sha256$180000$B3O8qPkLCPlc$uUUudUApXi9BO4NAhuO8uy990aHupM2Sh/EhemFsMuA=	\N	f	0250555182	 درسا ضابطی 			f	t	2020-11-18 14:01:57.512484+00	t	f	\N	\N	\N		\N	b00653b1-a7c9-4333-983c-44a2f09fa798	\N
462	pbkdf2_sha256$180000$fU2ILNx7rsnv$f8eQ/Y2sLUs6qgeXm0hPz1kemJsksNIIXsAzidStjV4=	\N	f	0441428789	 گلسا معین شقاقی			f	t	2020-11-18 14:01:57.734046+00	t	f	\N	\N	\N		\N	b292642a-f2d2-48fe-b788-29b0c0cdaea1	\N
463	pbkdf2_sha256$180000$HKtIBfejzLKP$Vm7Yzwe01gT0Lz8kCOEe/r+beYCSl+eq+FW42O7DPkY=	\N	f	1274859824	 هلیا ناینی 			f	t	2020-11-18 14:01:57.965997+00	t	f	\N	\N	\N		\N	0c3143a5-47e9-416c-86cf-88660f6d4e68	\N
464	pbkdf2_sha256$180000$dUAgdddaXGjo$Kp4M71GwT+dDteeaBAWvvQI7rsIQu1VCXs4NU2ApfUA=	\N	f	1230096841	 فاطمه سعیدی موغاری 			f	t	2020-11-18 14:01:58.216199+00	t	f	\N	\N	\N		\N	10ff4e7d-8c88-45e7-b447-0af4608709e4	\N
465	pbkdf2_sha256$180000$9ONDLblSEWql$FmVawn4D3tjjZdAwaZDRIiMT8/3BI1ItoCV6os/rhRc=	\N	f	1274993636	 زهرا محمدی			f	t	2020-11-18 14:01:58.412483+00	t	f	\N	\N	\N		\N	dcfd52ec-98d1-4dad-a9a9-cce4aa9c8d07	\N
466	pbkdf2_sha256$180000$QdOiJZUria0x$J0Fyw5k79eXnLdsbsz3LMw56hSyuCALnwirEriqLfds=	\N	f	2051391521	 دانیال محسن زاده 			f	t	2020-11-18 14:01:58.652865+00	t	f	\N	\N	\N		\N	b58c0285-af11-4b56-bc50-a518c5dfb5ad	\N
467	pbkdf2_sha256$180000$PMB8gKAUjJRh$EiAIO13nrKVz0qkc1+XQU3bIHQErHLPwyBB7gWoSp8o=	\N	f	2051385890	 ایلیا یزدانی 			f	t	2020-11-18 14:01:58.872195+00	t	f	\N	\N	\N		\N	b685c49e-fa58-4f16-9c55-7e58160a3cec	\N
468	pbkdf2_sha256$180000$TIpmwezYz42f$yybDnlh78k/MUAuy9wZPYcsmv8d8kcOSCyZY3QOun9w=	\N	f	2051392439	 محمد متین میناگر			f	t	2020-11-18 14:01:59.085852+00	t	f	\N	\N	\N		\N	c6f9c965-c5c6-42bf-bc1c-e7db14b7948b	\N
469	pbkdf2_sha256$180000$QUayg8iW3j7g$FjolWH7n/xBlolQ1NFD7byQFnW7OtSwFgxoh4Retq9M=	\N	f	2081265206	 نیلوفر  فامیلیان 			f	t	2020-11-18 14:01:59.422209+00	t	f	\N	\N	\N		\N	61a84ff3-b11d-4e8e-836c-00522cb50aa8	\N
470	pbkdf2_sha256$180000$V6iSGCIv5FqV$2VTOHIn496llqqgl8Ft5QisJb6C6RH5JgoObrw/9cYU=	\N	f	0313076359	 ریحانه سیفی 			f	t	2020-11-18 14:01:59.684345+00	t	f	\N	\N	\N		\N	f269cce0-a1da-4c03-b19d-c56a7eac071f	\N
471	pbkdf2_sha256$180000$BI16OyjciVV1$Sez+2AmWP2jz66buLlGxw1KbBRneh82CG37xDdrI8aA=	\N	f	2742317007	 هستی اشرفی			f	t	2020-11-18 14:01:59.908964+00	t	f	\N	\N	\N		\N	c77cf65d-4854-4242-b46d-2754a1de38d0	\N
472	pbkdf2_sha256$180000$gneDgk05EhBm$h69cU2R9/hgb5FNvlbQwD8yxjGFIjPZCcPJdf3sSms8=	\N	f	4421203777	 فرناز فتحی 			f	t	2020-11-18 14:02:00.159507+00	t	f	\N	\N	\N		\N	c000f4b4-d504-43d6-8a36-ef1ad0c6db85	\N
473	pbkdf2_sha256$180000$kuDl4H65MN5p$0lt3jExDtne5goip02EL5B2KhoTCyrPRDMDT6mLJNyY=	\N	f	4421198080	 افرین اخوندی 			f	t	2020-11-18 14:02:00.368808+00	t	f	\N	\N	\N		\N	d3418a71-ba92-4136-baf8-d00efd72dd62	\N
474	pbkdf2_sha256$180000$4AIgOoWEljKh$Yw1pwonxMF7ble9PLatSJop1jFjbGRQdIutp1Axk7ro=	\N	f	0250125633	 فریما کافی			f	t	2020-11-18 14:02:00.601729+00	t	f	\N	\N	\N		\N	6650cb56-d5d2-469c-a467-b7ed575e99b0	\N
475	pbkdf2_sha256$180000$r3bgq9llTogI$KsNn65oCs/NwtgmL6QjqWjIk1s+yI5dLqjYIgqNjB60=	\N	f	1274419409	 زهرا السادات  موحدیان 			f	t	2020-11-18 14:02:00.832564+00	t	f	\N	\N	\N		\N	f2eb8380-2197-4f0e-8558-2a8dd3bd881f	\N
476	pbkdf2_sha256$180000$yiAasZdqKzwm$i7/jxLesvPHSPA0izXsJv9aKhtIEeSAWw6Ftznknbrs=	\N	f	1274581230	 زهرا متقی دستجردی 			f	t	2020-11-18 14:02:01.057557+00	t	f	\N	\N	\N		\N	bccdf5ef-7aee-4346-be32-832c57b38ac4	\N
477	pbkdf2_sha256$180000$xjvnIEW6lA6z$3nVLHIE3k5n2MLzAkn5h21Mm8oOnM7RirtSHmSgVYEc=	\N	f	1274397774	 محدثه رجبی			f	t	2020-11-18 14:02:01.291786+00	t	f	\N	\N	\N		\N	b8d798a9-0028-4b1a-ac7f-aa971f707ad0	\N
478	pbkdf2_sha256$180000$UzQaUkVteKrr$TVbhQkK2WoG95b6rmq/eTHCL8hnaaS0L3XvxhxCXNRc=	\N	f	1080715371	 مسیح کریمی  			f	t	2020-11-18 14:02:01.567069+00	t	f	\N	\N	\N		\N	d15ee10f-7f89-4c4b-90eb-2a52c072ea0f	\N
479	pbkdf2_sha256$180000$bTVR7CzcgdJn$BCW+NqGyTD2FMGZxfixCtBjMdScmlDB8d1QHyhN/Fl4=	\N	f	1080741488	 مهدی  پورقاسمیان  			f	t	2020-11-18 14:02:01.78481+00	t	f	\N	\N	\N		\N	9353f5f8-b0b1-4b84-9dfc-d07e72b690b0	\N
480	pbkdf2_sha256$180000$LSjEGVYzkcEb$tX2JBT5ueDO5HpBiNa7PrpCG/6CML5znUm3Fvqj+jKM=	\N	f	1080770267	 فرزاد عباسی			f	t	2020-11-18 14:02:02.001562+00	t	f	\N	\N	\N		\N	b08a0d44-1f7f-4f4a-a5cb-16b5c7e13d8a	\N
481	pbkdf2_sha256$180000$nNJtz7vI4IUZ$R8P901XNRwKR7AI9hkFKBlVVmkGjKjceNEbBfpAGoKg=	\N	f	1274853575	 صبا  بهزاد 			f	t	2020-11-18 14:02:02.218985+00	t	f	\N	\N	\N		\N	3b788540-25f7-4dc5-ba0d-bff61bdd5546	\N
482	pbkdf2_sha256$180000$8XnJ3bo5gpMA$40HyX4ADBsVE6bwab2i0EmwtzLWOBkUIfYgTXmKujzc=	\N	f	1274835224	 اناهیتا  ناصری مقدم 			f	t	2020-11-18 14:02:02.429835+00	t	f	\N	\N	\N		\N	71c3b511-6733-49a7-8868-1c3a83edd690	\N
483	pbkdf2_sha256$180000$CZP0g4B8AbHD$REMh8xzkWP7iuoV1nfnBAMMThyzwumoHSgFL9JBw+pE=	\N	f	4611029549	 ریحانه خدادوستان			f	t	2020-11-18 14:02:02.667498+00	t	f	\N	\N	\N		\N	55fb8b54-a87d-428c-96aa-8b8d99bd68a9	\N
484	pbkdf2_sha256$180000$qI4NFVqqax4B$v0mfFGA5YvTX7zktCp0sk87TxvH0BFZtn3QXo64Zp9M=	\N	f	1810767350	 زهرا کریمی 			f	t	2020-11-18 14:02:02.885479+00	t	f	\N	\N	\N		\N	2927f1a0-b4dd-4a08-bd4d-0926b74c940c	\N
485	pbkdf2_sha256$180000$ZVQoOCMxWt5s$iv/WbvQw8C5OLmKqpbiElYmhvCmYvEQM4glj73PdSME=	\N	f	1080691154	 زهرا عینی 			f	t	2020-11-18 14:02:03.097022+00	t	f	\N	\N	\N		\N	45cec586-6508-4f81-8488-fd9de79d479c	\N
486	pbkdf2_sha256$180000$Tzic42Jw2ZHx$j3e+JgIL6ZwUOKovB1f75wV2Q/IOnAI2y+Lzs6k0BVI=	\N	f	1274130883	 مایده باتوانی			f	t	2020-11-18 14:02:03.305427+00	t	f	\N	\N	\N		\N	9c91540e-5974-4dfd-b830-4b277da8e48e	\N
487	pbkdf2_sha256$180000$LrWXAKKYwYzB$jq5hpPfu+YaAhUhdNnt1ZacbCMmORcD7RETZd5plpfc=	\N	f	3490611365	 نیلوفر حمیدی  			f	t	2020-11-18 14:02:03.542829+00	t	f	\N	\N	\N		\N	2759dc96-13dd-4f87-9ade-267b51a0d053	\N
488	pbkdf2_sha256$180000$0RaNvG1iqg9K$WQfVPy4knD2TkKCW8SC0McHfNhhuutul4z8+nM1voe0=	\N	f	3490594258	 الناز رسولی 			f	t	2020-11-18 14:02:03.773525+00	t	f	\N	\N	\N		\N	5b3f794c-cc0d-40df-a1fb-3d13a4cfeda6	\N
489	pbkdf2_sha256$180000$O1i5YtmXFSUo$bqh39p3wsLTtxdAC0E0o6npQlEVwhk6tbDCLEMZ/0lU=	\N	f	2283952247	 اوا ایلامی			f	t	2020-11-18 14:02:03.985822+00	t	f	\N	\N	\N		\N	cf698824-04eb-4028-b555-4793d12ef6f5	\N
490	pbkdf2_sha256$180000$Ha1mk0saWUio$Ubcd5oAKCdF6A6JDLQrEPaGurPcHwqd9/DjZBlcfjAE=	\N	f	1274536243	 بیتا رفیعیان 			f	t	2020-11-18 14:02:04.235313+00	t	f	\N	\N	\N		\N	5252319e-b70d-4664-ab38-249ad90fef16	\N
491	pbkdf2_sha256$180000$Ioti2pxiM00n$EgqGjB+OrWiPIDycxTMl6ULBIzkOUnxsQ+DDGrYSf6I=	\N	f	1274465583	 مبینا جمالی 			f	t	2020-11-18 14:02:04.51509+00	t	f	\N	\N	\N		\N	18635933-f544-4c0d-b8c2-7a27c72c67d1	\N
492	pbkdf2_sha256$180000$lCSFTtfCD1Lv$1MmGtzYL8FdDjaepaDnJMn2TjiL1PXlYdaUkxSJof2s=	\N	f	1274464110	 پانیذ بروجنی			f	t	2020-11-18 14:02:04.772688+00	t	f	\N	\N	\N		\N	a13ae6be-83c1-4c69-9dde-2b698195801a	\N
493	pbkdf2_sha256$180000$KH0UMEvNecYP$6kLiqI/eG7DK9UK/WrphuQ25MKD28fSpYvT52nA6YRc=	\N	f	2981490133	 امير طالبيان 			f	t	2020-11-18 14:02:05.02537+00	t	f	\N	\N	\N		\N	3a99209b-00e1-45a2-8099-4cb821769036	\N
494	pbkdf2_sha256$180000$e8PF4inbr4kK$JYUGZXSfvIxTYxiwNyzXNOa2x7b3/varK+m1KkGOWGU=	\N	f	2981517211	 عليرضا توراني 			f	t	2020-11-18 14:02:05.23641+00	t	f	\N	\N	\N		\N	ee8b4ef2-aa99-4620-b76e-cd4df86d81af	\N
495	pbkdf2_sha256$180000$hEGfJ8tVLXtK$1lYh8IZLH04c/hwo/AMmUfEj5oURMMp6EEjrt0uu4ZA=	\N	f	2981555391	 اميرحسن پژمان			f	t	2020-11-18 14:02:05.449212+00	t	f	\N	\N	\N		\N	13559be6-506b-46a3-bce2-46c7691de457	\N
496	pbkdf2_sha256$180000$pv0eBV2VR7vq$cseH6CVuhU2WtQSctozu/Y5a5o91nSHz+gXmmOSMJxo=	\N	f	0313313547	 هلیا رحمانی 			f	t	2020-11-18 14:02:05.695478+00	t	f	\N	\N	\N		\N	d0e42f4d-280f-4cf1-b9d9-d6f301a81780	\N
497	pbkdf2_sha256$180000$7IkcOsCxBbmt$OqIKi+3sc9459QUUgNzH+FuWFgfQunbemEztCB7EPnU=	\N	f	0151253242	 رومینا زکایی 			f	t	2020-11-18 14:02:05.929436+00	t	f	\N	\N	\N		\N	0241f3c4-7927-4e9e-949a-4d456044bc73	\N
498	pbkdf2_sha256$180000$ecrhVzQkNnRm$+jYQY58GU9yoKqi2OnfxNaM2xCe5NxW0FT0QbDt0huY=	\N	f	5770060131	 الهه پورتقی			f	t	2020-11-18 14:02:06.140692+00	t	f	\N	\N	\N		\N	ac464824-c412-47b9-9475-e38d8a10577e	\N
499	pbkdf2_sha256$180000$RaMcDVSTQfzz$6dQoKi/NywbFTF5DQgqP6Bvufwu0SzZPsxPPTEWOulw=	\N	f	1274376106	 نرگس  سلیمانی بابادی 			f	t	2020-11-18 14:02:06.374178+00	t	f	\N	\N	\N		\N	dff5f6fe-8cc0-42ce-8280-674f621158f5	\N
500	pbkdf2_sha256$180000$40SdVi8SezVJ$WGCp2Kg8yltGXFhEgIs9Uwy1nPrwolzXpkEOj68ssRk=	\N	f	1274357111	 فاطمه  رجایی 			f	t	2020-11-18 14:02:06.618951+00	t	f	\N	\N	\N		\N	c66a8e34-4477-489a-861e-8c557d23af42	\N
501	pbkdf2_sha256$180000$ePRk1Z6lOVEO$5tFOD483MleJPHzUfeLx/0y4PBJfR5kpxJ0MNoF3sfc=	\N	f	1274353920	 پریناز  زیبایی 			f	t	2020-11-18 14:02:06.862236+00	t	f	\N	\N	\N		\N	557cf9e9-6933-4d07-b5d1-383f1c81b8f6	\N
502	pbkdf2_sha256$180000$ClgEUd8aM19E$ZndNqSnex3vsib1Y60rOWXLJcx+aSQazYirJott641s=	\N	f	1274880556	 اناهیتا ازاده 			f	t	2020-11-18 14:02:07.089528+00	t	f	\N	\N	\N		\N	dd388e5a-bd99-4a75-a22b-99c2bdcb81d5	\N
503	pbkdf2_sha256$180000$f986ROm2tA1n$MxXbxTWtbqMZhz3jfQAXalD3ZaFOmUXkOItdY0YTTr0=	\N	f	1274750751	 نازنین امینی 			f	t	2020-11-18 14:02:07.29066+00	t	f	\N	\N	\N		\N	7d7cfe16-f623-4270-9769-a4e5f6b796ec	\N
504	pbkdf2_sha256$180000$UUmm4RUBJaIa$58CbSqiXkBl4b21StzezHJYLybZEPaYcUDraKPRS3OA=	\N	f	1274756091	 ارزو  احمدی 			f	t	2020-11-18 14:02:07.512999+00	t	f	\N	\N	\N		\N	9c63469b-d609-4863-a2ea-66d154a56aae	\N
505	pbkdf2_sha256$180000$W4ebJuhCedNe$kkG+jmm4XeIgP2GEwHc4AGfNqXZZl9H+i3+yXSbPEmo=	\N	f	1274735912	 کیمیا مومنی 			f	t	2020-11-18 14:02:07.717986+00	t	f	\N	\N	\N		\N	434a80b0-f6b0-4c1b-bd32-37c7f730e665	\N
506	pbkdf2_sha256$180000$J5mm8ERqvISC$mUefgJ0toXmolOFvjbBlz7ddVacIii5tAnBpuQ570Zw=	\N	f	1274715520	 فاطمه الم شیری 			f	t	2020-11-18 14:02:07.934463+00	t	f	\N	\N	\N		\N	26192ff6-0a85-4e2e-b053-3e82fb0644a6	\N
507	pbkdf2_sha256$180000$LgNdJIIBSYnr$kWAxcgrRGn5g+1tKN8hcM9SbVTtKKjU+TabKU5Kp9l0=	\N	f	1274905052	 حنانه وارسته			f	t	2020-11-18 14:02:08.141113+00	t	f	\N	\N	\N		\N	ad17958c-6d04-4ea4-8df9-1dad6dd6e490	\N
508	pbkdf2_sha256$180000$t3G0cfGYwujN$WmTcSF4FHZMfvt5fFx9EuWzaZzlz2na03SbAJ/IRQUc=	\N	f	3550200961	 دینا دهدار 			f	t	2020-11-18 14:02:08.383176+00	t	f	\N	\N	\N		\N	16834c94-4f55-47c3-91e1-678993715522	\N
509	pbkdf2_sha256$180000$gSbz2u8u8NKj$Qf2OagDpf7wjW24FVh7IQGIgVS946ny9BFMgCSzhL1Q=	\N	f	2284364608	 زهرا فدایی 			f	t	2020-11-18 14:02:08.605253+00	t	f	\N	\N	\N		\N	2c45e0c9-be83-49ec-bc36-119e0b2e667c	\N
510	pbkdf2_sha256$180000$BKeaktuKi6Xb$2JnDKp3mgGzdpYLtrF1f+HjlSwF0leEBcW3zerfyMSM=	\N	f	2284364616	 زینب  فدایی			f	t	2020-11-18 14:02:08.817026+00	t	f	\N	\N	\N		\N	9e7be880-14e6-4797-bea9-450633e1d024	\N
511	pbkdf2_sha256$180000$SwoPuyFwGWTT$QPS2er4gRb/mizDQ7X/8Fd0G8i/lxBlgQBbXncOnJMA=	\N	f	0928816273	 علی  شهریاری پور 			f	t	2020-11-18 14:02:09.059356+00	t	f	\N	\N	\N		\N	c023ad97-dbdb-4881-9c9f-c992f3079e05	\N
512	pbkdf2_sha256$180000$8NXVno2WBTwc$Q/9cS0+Xqs7IalPoXVI4uiizzaiCSIm3W7I0gbRupuI=	\N	f	3020737011	 امیررضا مولایی 			f	t	2020-11-18 14:02:09.308486+00	t	f	\N	\N	\N		\N	79fb562c-23a9-4301-a40d-29517fb00d56	\N
513	pbkdf2_sha256$180000$hHdMe4Zy35S1$7nzDfMIBDwjPJLRLQkBZ7AnqRU0X0gHIpAqTKRuhnqU=	\N	f	6060252801	 محمدیاسین منزلی			f	t	2020-11-18 14:02:09.520135+00	t	f	\N	\N	\N		\N	9b35a0ec-708a-4045-84a2-4779eaba3153	\N
514	pbkdf2_sha256$180000$t8q75p0rqfEb$xhkTKUk40uWmEjmAOXhnqIljC0hFfPWXa9sQiFiYcUQ=	\N	f	1180124790	 زینب اصیلی مهابادی 			f	t	2020-11-18 14:02:09.80645+00	t	f	\N	\N	\N		\N	58b9828d-35bc-4d9f-a5aa-56a3d58c67cf	\N
515	pbkdf2_sha256$180000$Gx743uJIu6d7$fhlO4J6tjorm63su7A6G6QJCf3XoKdckvjWCmByxHqg=	\N	f	1180124383	 مایده زارعی سهامیه  			f	t	2020-11-18 14:02:10.13133+00	t	f	\N	\N	\N		\N	9e3fda5e-311d-41ce-97a1-44f34f847a6d	\N
516	pbkdf2_sha256$180000$lSOHJWhiJ7zN$K5SD7CQ8JvX5MtnTjfKeNDzYal5KJDwb5SVcSRJrxxg=	\N	f	1180127269	 فرناز  اصیلیان 			f	t	2020-11-18 14:02:10.408979+00	t	f	\N	\N	\N		\N	381cb5d5-dd99-4712-ae39-c5052fb11a28	\N
517	pbkdf2_sha256$180000$aEeOIpSow1V7$LnsnCZhXk4Vf8AQGesjsKqbdJfzEVoAHdNZyLwR+llI=	\N	f	4421386545	 مژده برزگر نصربادی 			f	t	2020-11-18 14:02:10.730173+00	t	f	\N	\N	\N		\N	0ffd5cb0-c811-46f7-8b08-19a112ac6e60	\N
518	pbkdf2_sha256$180000$S1joPRFFZKYO$D1ndTh0AGxP+QJD2UoIucQA3eb9aizu+NxWEFLiLx3Q=	\N	f	4421464163	 فاطمه السادات واعظ پور 			f	t	2020-11-18 14:02:10.961524+00	t	f	\N	\N	\N		\N	fa965dbc-ec42-4295-b3af-38cf6ba22587	\N
519	pbkdf2_sha256$180000$x7jRWXcmPYrB$YCjPu0fzyld1qV94EDd2CXQwxUIWhanEQ6VLZwKLU+g=	\N	f	4421421741	 ستایش دهقان منشادی			f	t	2020-11-18 14:02:11.183686+00	t	f	\N	\N	\N		\N	1ecdc742-0baa-4356-bb06-6c3b716003eb	\N
520	pbkdf2_sha256$180000$3WMRMrEzarko$hd4293FWfeg3hiT5kgFNBQYL6ztcCc4zFdVQ2AS8ktQ=	\N	f	1274266319	 مهگل رضایی 			f	t	2020-11-18 14:02:11.407688+00	t	f	\N	\N	\N		\N	ed836595-2a47-4b82-b781-d560620385b6	\N
521	pbkdf2_sha256$180000$Lzbcz3koJY6R$cZ3oy6QZB9Pm8UCA3wYHPdGT32pKGIh+DTPMGWu2n4k=	\N	f	1744118795	 هستي رجب زاده 			f	t	2020-11-18 14:02:11.623563+00	t	f	\N	\N	\N		\N	449651a2-162a-480d-ab5c-bcb29279e14e	\N
522	pbkdf2_sha256$180000$sxIzFXYSk47r$ERDXagQzL07DJUqpWgM1e2HmGhWKMbRg35W2Gb8KX+w=	\N	f	1274216508	 مهسا سلمانی			f	t	2020-11-18 14:02:11.836104+00	t	f	\N	\N	\N		\N	2a2a61a2-cefb-476c-963d-7883ef65c957	\N
523	pbkdf2_sha256$180000$rg9Y7RaUuCZC$Z5eUzm1jafpfMabYeoleAboNLH3mBu1pzPpI4CJYJMs=	\N	f	6740041776	 سیده مریم  کبابیان 			f	t	2020-11-18 14:02:12.063797+00	t	f	\N	\N	\N		\N	5cf2859d-cc03-4ca3-a409-de9e4d12a20e	\N
524	pbkdf2_sha256$180000$ykduV9wqkoZK$pZaXhh5DRaMH5FIPTg9X+V93KT9mLP51AbFh+/ixtc8=	\N	f	0313419361	 ستایش  کاظمی حاتمی  			f	t	2020-11-18 14:02:12.292756+00	t	f	\N	\N	\N		\N	2af4e6e5-5978-4d63-8790-19ef457aa5a7	\N
525	pbkdf2_sha256$180000$kOljX9A84nw7$qBnwhwB9vZF0yyxWzLXshOemlAwEdMRd1tLSB2Ztewg=	\N	f	0110748735	 زینب  صفری			f	t	2020-11-18 14:02:12.519516+00	t	f	\N	\N	\N		\N	dbe3ce36-675d-43cd-a2d5-2ec238863b0a	\N
526	pbkdf2_sha256$180000$Iu2unA7n6CUG$dzduiaukuCHoHi/OreQByKHn1gR0RedZDCR+kuUH+No=	\N	f	2283742307	 محمد چوگانی 			f	t	2020-11-18 14:02:12.736732+00	t	f	\N	\N	\N		\N	e604470d-9c91-43d9-8b9f-9b8267d27fc8	\N
527	pbkdf2_sha256$180000$JlC3JtFKI3eE$6FIrSedbxXuf7qUiFV8QXnzH6WQVgDzWJtPjF0eRfDE=	\N	f	2283741505	 بنیامین  محمدی 			f	t	2020-11-18 14:02:12.979016+00	t	f	\N	\N	\N		\N	d6f93e59-5fcc-4d3c-9144-30c7e221a382	\N
528	pbkdf2_sha256$180000$iVQfo4IJYhMh$FVNBCB5PO3DSCYW9tcbBOHNl7SJVU36Ub62LEf/hLUU=	\N	f	2283833353	 متین  امامی			f	t	2020-11-18 14:02:13.22978+00	t	f	\N	\N	\N		\N	e862f719-504b-42e2-a0ff-448a97902511	\N
529	pbkdf2_sha256$180000$2rkJB5QE0ICS$FxcESQqumjIww7HGU1KUMRyYumyhT8pcwmceQ7Xn10I=	\N	f	4890598839	 ثناء  ارمان نیا 			f	t	2020-11-18 14:02:13.449023+00	t	f	\N	\N	\N		\N	d8104e53-0811-42b6-81c0-a9f4045dfb75	\N
530	pbkdf2_sha256$180000$3fyPnWTHCuio$LZTKkYylgZMhWl4Bnn/O5Dgk2nh0Wh8w5dc8JDNJ01I=	\N	f	0313545871	 پرارین  ناصردهقان 			f	t	2020-11-18 14:02:13.654454+00	t	f	\N	\N	\N		\N	d6b33c02-6e90-4487-9a54-fefe04a1a6de	\N
531	pbkdf2_sha256$180000$1E7SusK1HTRq$jnvHtvtb19By2J74M7NZLdpRlKVam/k1C0oYJG5YW4Q=	\N	f	4890598383	 سارا حیدری			f	t	2020-11-18 14:02:13.868762+00	t	f	\N	\N	\N		\N	4f9fba70-16a1-4003-b960-8fd494e52bc7	\N
532	pbkdf2_sha256$180000$OFPklS5bis1P$oXwN85c7fvNCvgrsPkCH3OnpVArcg7IR1l/d9LquAmY=	\N	f	3381359819	 حسین طیبی 			f	t	2020-11-18 14:02:14.081531+00	t	f	\N	\N	\N		\N	b60f11d7-5b46-4136-bff3-7a8530969d95	\N
533	pbkdf2_sha256$180000$kLpxVfCAjAjv$GMOl2voVM1E9YKIyBFJAJ4/s3K9iR4uZaDd4uMrXfSA=	\N	f	0150464991	 پارسا حیرانی 			f	t	2020-11-18 14:02:14.29174+00	t	f	\N	\N	\N		\N	c3c6daeb-2edd-4bb0-819d-13538a80427f	\N
534	pbkdf2_sha256$180000$yLJkRy03yiDn$FahtSbxmA13lSaqOIjpm/tnt88R4y29JVERWccb+3nY=	\N	f	3381333534	 محمد جواد احمدی			f	t	2020-11-18 14:02:14.529677+00	t	f	\N	\N	\N		\N	eadf502b-d028-4300-9368-5cb3469d6727	\N
535	pbkdf2_sha256$180000$4iVkZpwQ8GX8$7VBekJLunZjNU0XoFDY7j3pjQvMyNBUXZlGF96EjRmc=	\N	f	0441375200	 غزل ابدار 			f	t	2020-11-18 14:02:14.81017+00	t	f	\N	\N	\N		\N	a31614cb-622e-4017-81c3-3f9433739476	\N
536	pbkdf2_sha256$180000$EclWAXwph65E$5TfV8sfzbTXd6/UK+OOW0dNiWXKF4hs1IOrulvtJ/2c=	\N	f	0441375219	 عسل ابدار 			f	t	2020-11-18 14:02:15.06161+00	t	f	\N	\N	\N		\N	ac9a8f53-9c87-4e93-a5c3-5be80726294f	\N
537	pbkdf2_sha256$180000$vA8jMydh0h1n$x6ctKA71rC9R35r80XZhz3IpsPdSsLsdkVPkuLdjmkk=	\N	f	1940949076	 ایدا عالی محمودی			f	t	2020-11-18 14:02:15.277473+00	t	f	\N	\N	\N		\N	ec9d0d14-4b52-41b7-9c1b-7b3e4c083419	\N
538	pbkdf2_sha256$180000$oU3bdA7kBkuE$hSYX5SqYRbsZjA0dvI4t2OsMocMRm7RDfDauIQJxOq8=	\N	f	0441443540	 دلارام اخگری 			f	t	2020-11-18 14:02:15.507047+00	t	f	\N	\N	\N		\N	5f27f4cc-92c6-48d0-814d-e9f0835d9e75	\N
539	pbkdf2_sha256$180000$T8YAuUsmtwjc$owKxo50kvzxn2l/g+WFCDkOMkUZJ6ImPrzxSTWcYKK8=	\N	f	0313406901	 پارمیدا کیانی 			f	t	2020-11-18 14:02:15.706347+00	t	f	\N	\N	\N		\N	9f0eed67-b49f-4047-beed-ba0be620deea	\N
540	pbkdf2_sha256$180000$ruqaFPuz7Pdz$7gRPU+EA3z80CiiS5Uh94qzvw+xb8DUsL4c/vc1/tMA=	\N	f	0313387771	 الهه محمدی			f	t	2020-11-18 14:02:15.918848+00	t	f	\N	\N	\N		\N	06ff03f0-73e4-4a6e-9f2a-9ec175052a86	\N
541	pbkdf2_sha256$180000$UjKcBxBDHkAk$NVWUcK11Xn+gfdJLBo9c7aMaFT3yTj/oM4/iIuLmEf0=	\N	f	1274497442	 زینب  سهرابی 			f	t	2020-11-18 14:02:16.153226+00	t	f	\N	\N	\N		\N	0a15fa8b-5b97-48cd-bd36-df9656cc8e4c	\N
542	pbkdf2_sha256$180000$kst83wwynRKd$BDoxiCGXyb3iKgfCMbBstbDIb/jdFIB4kWaF2oLObw8=	\N	f	1274445159	 نرگس  زمانی قراقوشی  			f	t	2020-11-18 14:02:16.393905+00	t	f	\N	\N	\N		\N	bd279705-96ac-4b56-a2ed-603ae10a07c5	\N
543	pbkdf2_sha256$180000$dwbbUqykEGln$LH6z1jTmYv7hgjfTzqmWRyVLsGdeEKkyQ6nCXtXrWKU=	\N	f	1274232880	 فاطمه السادات  غضنفری			f	t	2020-11-18 14:02:16.616273+00	t	f	\N	\N	\N		\N	5ea7bd08-0d3d-44cb-9bc5-095b3958c168	\N
544	pbkdf2_sha256$180000$2k7KT8wAM774$Ophuq3CwMuFkkMHB3lXjBDqWUMNcnhoxlBWEWxOBTr0=	\N	f	4890614583	 فریما حق نژاد 			f	t	2020-11-18 14:02:16.852672+00	t	f	\N	\N	\N		\N	329a8289-1449-49c1-bb7c-835c08756d66	\N
545	pbkdf2_sha256$180000$xgQVJOcUxUKf$qG+c4BuVibJas5nTB80ph+bFN7eJRmTV1cg8Ew49Kzk=	\N	f	4890604510	 مبینا حسنی  			f	t	2020-11-18 14:02:17.063758+00	t	f	\N	\N	\N		\N	ef80191d-716c-471a-a5df-57f09ad0d5f1	\N
546	pbkdf2_sha256$180000$cuABuFO0thGh$bj5n8hJrusVXx5HxBkYK7T5ZdlW8NXDMN5CDabv0+uY=	\N	f	4890607668	 فریا ناصرزارع			f	t	2020-11-18 14:02:17.283758+00	t	f	\N	\N	\N		\N	108f5708-9a93-449b-a6da-e037df8f9241	\N
547	pbkdf2_sha256$180000$kKkQzVuwgtXA$HxnWGAI1MBM/nIoLk9pCa00Y8swdL1Tz1Oow9Q5hElc=	\N	f	1274567939	 ایه شیاربهادری 			f	t	2020-11-18 14:02:17.524019+00	t	f	\N	\N	\N		\N	bbb72534-1c41-4b85-b4b5-04e530458771	\N
548	pbkdf2_sha256$180000$P0PxKt7BzROG$aLYLbHrK7rUNDOcZrxXygUNwFrweCMELlebjLZFiizE=	\N	f	1274421101	 هستی صمدی 			f	t	2020-11-18 14:02:17.741244+00	t	f	\N	\N	\N		\N	435551b2-3456-4a34-bc2c-f7086d7bbcec	\N
549	pbkdf2_sha256$180000$ZrKF1jMnrObD$wn4wPupaSUdmWwhqVju5DB58BMMLsOM+r9OVG4KS/3Q=	\N	f	1274574579	 هستی افراش			f	t	2020-11-18 14:02:17.935371+00	t	f	\N	\N	\N		\N	2b7e4286-0769-41a5-b7b5-844410c2b072	\N
550	pbkdf2_sha256$180000$fG7L1qQ1XRos$/QB+IouZ/euSE+LbhvbuVuOfecnaC2tE68Kq5xnbNtE=	\N	f	1274750199	 متین ترابی زیارتگاهی 			f	t	2020-11-18 14:02:18.175897+00	t	f	\N	\N	\N		\N	4c1e4da3-50ef-4a53-ba67-f73f544b1eb0	\N
551	pbkdf2_sha256$180000$mZqtQoPYNsN7$dE+5+Xg9Wf2MNagdE6IYrHxKCb3J7pOJaRYENCAfp0I=	\N	f	6600158476	 ابوالفضل سعیدی خرزوقی 			f	t	2020-11-18 14:02:18.383472+00	t	f	\N	\N	\N		\N	a769348e-3b23-47d9-9088-aa518ec77a8d	\N
552	pbkdf2_sha256$180000$V2gM4dr63ShJ$OkqIo/ACIUYcD36Do98ocAWDqJfmtaphKbcd4EdILsM=	\N	f	6600156392	 امیرعباس ابوطالبی 			f	t	2020-11-18 14:02:18.589949+00	t	f	\N	\N	\N		\N	b2edc628-4026-433a-82eb-b91fedca9ca9	\N
553	pbkdf2_sha256$180000$m30brFTHZ0qS$GtFVz+LYl3mSD0uRhcxkwb58GjxjAbHuzX/9b4jq8LA=	\N	f	4680339306	 مبین  ریسی اردلی  			f	t	2020-11-18 14:02:18.8221+00	t	f	\N	\N	\N		\N	bc7412c3-bd0a-4e44-a23d-d06cb1821676	\N
554	pbkdf2_sha256$180000$8tWciUtV5fI2$agZ0BM5ir/T3FUdo8xykn4+dKRpZDb++qxKpcktJGhE=	\N	f	4680339292	 مهدی ریسی اردلی  			f	t	2020-11-18 14:02:19.012905+00	t	f	\N	\N	\N		\N	d527112f-cad1-4681-ace6-c93f12bff16c	\N
555	pbkdf2_sha256$180000$A6vkysuyz5Vy$K6+0c5gdEYzRGykKm4CMhF+kYsTuU4rF5m7KqlvqzmQ=	\N	f	4680327103	 مهران خدادادیان اردلی			f	t	2020-11-18 14:02:19.229369+00	t	f	\N	\N	\N		\N	5ed3e528-5ff5-444a-ad04-852a3ce099a3	\N
556	pbkdf2_sha256$180000$jGXHFzIjhdTS$H8tiMwXjflkri/MUe+GR6r27oW4uH4MP3Is41Odeqxs=	\N	f	3490647777	 پارسا صیانت 			f	t	2020-11-18 14:02:19.454078+00	t	f	\N	\N	\N		\N	b324dd7d-058d-49fc-a461-98d3c3dcab01	\N
557	pbkdf2_sha256$180000$ykwfKU2Ta9aK$etMvMufQmOcxd8YMnGyrM4p5pRq4MlWFwQ+fcSKjWOM=	\N	f	3490664655	 سید مهدی فرهی بوشهری 			f	t	2020-11-18 14:02:19.660817+00	t	f	\N	\N	\N		\N	7d835f7c-381b-4979-9095-257af5f984c7	\N
558	pbkdf2_sha256$180000$VBEl7z7T5NDG$74KOHEeNStdQMQQ1RlVouxZm1Lsw+7n3AD9RkHITu3k=	\N	f	3490663853	 پارسا  زارعی			f	t	2020-11-18 14:02:19.939147+00	t	f	\N	\N	\N		\N	eff37823-d8f0-4080-a4c3-e257ab94343b	\N
559	pbkdf2_sha256$180000$9NL7LS5y5Lif$2Bz+4cp5qBTrzb14vSpTub7rWO5IeYCTK85h25N4q1Y=	\N	f	0313350019	 نازنین زهرا   حیدری سورشجانی 			f	t	2020-11-18 14:02:20.237514+00	t	f	\N	\N	\N		\N	b7e74c86-5ffd-4aee-a783-4f2eb87e7ddd	\N
560	pbkdf2_sha256$180000$xPKijsMOWqOw$4cDfrL3tLgQ0X+nvKZF8n6e/K1B13DArX5sg/jkGB6A=	\N	f	2284140041	 فروزان حسن زاد 			f	t	2020-11-18 14:02:20.461488+00	t	f	\N	\N	\N		\N	2c4d2d78-acd5-497a-a5bd-822986d64193	\N
561	pbkdf2_sha256$180000$BENdqx7DADxl$n+hP92fJCJTrVr6ShXI7/mBseNPWPmuEdS4dVhICcwo=	\N	f	4890608941	 محدثه اصل روستا			f	t	2020-11-18 14:02:20.676555+00	t	f	\N	\N	\N		\N	1344f698-01fe-47a1-b998-5e42614bcf9c	\N
562	pbkdf2_sha256$180000$X9HqxdiF2do9$5vQDrUAdCuR/ph7TGSVIe22JZyYn2LPgrwG6k5LcBeA=	\N	f	1274119111	 اوا همایی 			f	t	2020-11-18 14:02:20.906791+00	t	f	\N	\N	\N		\N	3f106ebc-6e2e-47fe-85b7-b4d02f7ec9b8	\N
563	pbkdf2_sha256$180000$SfLcz2HGDWXa$JrczlpQndgUzcoufH9Zq09ynaCXLcDiD4o2qgAP1YmQ=	\N	f	1274178746	 سوگل زمانیان 			f	t	2020-11-18 14:02:21.105518+00	t	f	\N	\N	\N		\N	5bb341f4-1eae-4acf-8d38-29166897ee26	\N
564	pbkdf2_sha256$180000$f2narz9dgMU1$gP80oouoVTSxJgEy9njfwA2+pdB9ha8n9new/bEyLpo=	\N	f	1274331846	 روژینا  شهبازی			f	t	2020-11-18 14:02:21.308143+00	t	f	\N	\N	\N		\N	e1a50757-88a9-4dd8-8d81-cc5de8888f24	\N
565	pbkdf2_sha256$180000$3rKQqAmZ3oPM$+CsF5MEokZccCGKWUGmwXFetmQRktwPRh4Kp8o9okBk=	\N	f	1274699983	 ارمیتا صفدریان 			f	t	2020-11-18 14:02:21.531637+00	t	f	\N	\N	\N		\N	585a8ff6-f240-4bcc-a56d-1ea15d58083e	\N
566	pbkdf2_sha256$180000$JCKd2Sbttcya$XpnETdOBbEhUgJ1FqHTryGSTou6+dimouDDaQzErJjs=	\N	f	1274881501	 سارینا مختاری 			f	t	2020-11-18 14:02:21.774818+00	t	f	\N	\N	\N		\N	ac15b94e-9776-46e0-b74c-d7c594290c1c	\N
567	pbkdf2_sha256$180000$oaXlUunJzsYP$5dEyW2KIjo8I3xug8frgjZXte1F1XZOJV8iJVw84PWE=	\N	f	1274716152	 فایزه علی عسگری			f	t	2020-11-18 14:02:21.99405+00	t	f	\N	\N	\N		\N	2ffbe591-81ad-4924-b329-0637afac36e9	\N
568	pbkdf2_sha256$180000$TjtNsUpLCmIE$ieulmvW5Tyb+euFuHMuUMF0EP1/c9rSsHIOVglNln7M=	\N	f	0481307206	 زهرا عبدلی 			f	t	2020-11-18 14:02:22.228587+00	t	f	\N	\N	\N		\N	af8e9f45-675c-40ba-91cc-7ec792f42a23	\N
569	pbkdf2_sha256$180000$PLeRl9hx9ttq$rexN805SL/WRZlisJFmO1dVnXErRjfOA1ii619YKVzU=	\N	f	0481350705	 فاطمه  رشیدی 			f	t	2020-11-18 14:02:22.445752+00	t	f	\N	\N	\N		\N	1690dbad-108c-4860-8093-e81e39020740	\N
570	pbkdf2_sha256$180000$Yk3hhuk7YGpX$GLGPDGchGn4tpITaJM/XbH/bi5AP1EuCm7IbZ0YmQZA=	\N	f	0481322051	 الینا سادات کوهساری			f	t	2020-11-18 14:02:22.6641+00	t	f	\N	\N	\N		\N	1a55a84e-d09f-470d-9e1a-e8181c18eb64	\N
571	pbkdf2_sha256$180000$6KCZ5ZJsdwtx$IOQ1X33XoW7tjVhEO51VRaiGxZsWDQWFaj9o9fhxWC4=	\N	f	1274401976	 فاطمه جان نثاری 			f	t	2020-11-18 14:02:22.894574+00	t	f	\N	\N	\N		\N	b09fb8f3-531a-4bdb-be2d-fd3d53357278	\N
572	pbkdf2_sha256$180000$xueLf7PKisod$PV+/Clgqtcc5f3M+/iJDNVBYi0F1i7tWlSFobaXYJ4E=	\N	f	1274603110	 مهدیه رفیعیان 			f	t	2020-11-18 14:02:23.12511+00	t	f	\N	\N	\N		\N	f727fce2-16d0-480d-a1bd-197ef3e1bde2	\N
573	pbkdf2_sha256$180000$3RS0XmLVWFMw$j5jFf3sax+GT+txMrw1Lo0SOwvxxSKqKFmiaCDxN8Ao=	\N	f	1274526248	 ملیکا پویافرد			f	t	2020-11-18 14:02:23.326957+00	t	f	\N	\N	\N		\N	3aa32e1f-ca3f-4457-9c6b-168d11845e5c	\N
574	pbkdf2_sha256$180000$fymxH3niJO06$cmFmrBzG/GoJaRidH1/pucpGAVilglkJwGlohNc3UdY=	\N	f	5640100109	 سجاد منصوری حسن ابادی 			f	t	2020-11-18 14:02:23.588564+00	t	f	\N	\N	\N		\N	08d02074-ddaa-4fa7-b32e-569dfad87548	\N
575	pbkdf2_sha256$180000$ZMQzE8zkoHZX$2pF8EwnAzIYYaiTf/AWSI9x6/bArVTW9RyvsQdVf+TU=	\N	f	5640098724	 نیما  صادقی حسن ابادی 			f	t	2020-11-18 14:02:23.812998+00	t	f	\N	\N	\N		\N	dc930e53-6cce-4210-958e-8e23d05b5f43	\N
576	pbkdf2_sha256$180000$jwk94xmbXtBL$zCT4rRDYvNpL3UaKPltKwqM+n+Roma8XiI0BEltywjI=	\N	f	0200608010	 محمد رضا  شمسایی زفرقندی			f	t	2020-11-18 14:02:24.013186+00	t	f	\N	\N	\N		\N	4256e032-0cc7-404e-a929-216194829918	\N
577	pbkdf2_sha256$180000$tXbK34rXkb8e$cnhtVdxRhmcuhsE8ibyJNqN9JblPu9lDUj1csC5LHXk=	\N	f	0313345996	 دانیال فناییان مقدم خباز 			f	t	2020-11-18 14:02:24.243619+00	t	f	\N	\N	\N		\N	329d693c-5060-48b2-9363-98b35c0dcd63	\N
578	pbkdf2_sha256$180000$B6EHkwBQ2TwL$L44RsxVaA/qw4nPCviWJnyNSBhAkoua5PiDD0l6+3Tc=	\N	f	0151038546	 سینا اقا علی گل  			f	t	2020-11-18 14:02:24.465029+00	t	f	\N	\N	\N		\N	ccd22cfd-c716-47dc-b6e6-986fa7b849b2	\N
579	pbkdf2_sha256$180000$B1UjnCYlgG8I$JPl19Rc2/Ttv+98ddeo82xR1As6yE7AIHQCXBXUCbco=	\N	f	4421433901	 حمیدرضا رحیمی			f	t	2020-11-18 14:02:24.661201+00	t	f	\N	\N	\N		\N	32c65a74-0088-4458-bcc1-0fb61f1fc05f	\N
580	pbkdf2_sha256$180000$MQNrfwNL0HX1$zEnD/aFi3DXl4hRfadeq1XS49zIfsAkn/aOMzx2u4hs=	\N	f	1080772073	 نسترن سپیانی 			f	t	2020-11-18 14:02:24.876665+00	t	f	\N	\N	\N		\N	b3886b6c-3301-4817-8268-abf0a4e0bdf7	\N
581	pbkdf2_sha256$180000$uTb803wo9Qia$lPLC+j39lo5pwf583HILCAwP+fk/J60wuHE82Ie05Bs=	\N	f	6200122113	 مهسا رضایی 			f	t	2020-11-18 14:02:25.282546+00	t	f	\N	\N	\N		\N	7d6ea2fa-c37e-41b6-b94f-22930f5e5853	\N
582	pbkdf2_sha256$180000$pWewywXVznpR$vaAl99ULhBFB+ilBt/9TmLK5IfItnIaqBrLe5PtoqJM=	\N	f	1080758925	 عاطفه جوزی			f	t	2020-11-18 14:02:25.534431+00	t	f	\N	\N	\N		\N	4bc71a15-edeb-400b-8d18-2bcbb5168bed	\N
583	pbkdf2_sha256$180000$JgBvpG3ItOHS$0gLxa4XToXb4zGhpUXAvkaXltTh8cxM4PIkom2Ag/rA=	\N	f	5750120872	 مریم قاسمی 			f	t	2020-11-18 14:02:25.768194+00	t	f	\N	\N	\N		\N	1b21030f-a15a-41e9-a040-56f90563691a	\N
584	pbkdf2_sha256$180000$9n8AdwOpwxwD$c49EBsBLRgJkHkP7h8Hw3ESkal3neVJquifJ7mmlsX8=	\N	f	1274502497	 نازنین مقتدری 			f	t	2020-11-18 14:02:25.991378+00	t	f	\N	\N	\N		\N	388b068e-e6cc-4791-a275-4cd21d090f12	\N
585	pbkdf2_sha256$180000$mbTjC35Sfm9p$Wi2MsjVgK4wu3VGBN3Y34MbiNIGbL5olQLa5PocM2+Q=	\N	f	1274359848	 شیوا هیبتیان			f	t	2020-11-18 14:02:26.234294+00	t	f	\N	\N	\N		\N	1a5703a8-d842-43d9-bf71-08799427d7ce	\N
586	pbkdf2_sha256$180000$LeuopA932DhA$JdTVxPmJ9/DqRHFCrrRnuVJmdHlN3gD7F/ShK9YN+zc=	\N	f	1274622700	 ستایش فدایی 			f	t	2020-11-18 14:02:26.447405+00	t	f	\N	\N	\N		\N	c814b7d8-d89a-44cb-bfc2-64125f67f790	\N
587	pbkdf2_sha256$180000$Y3MnUslXvZ1U$T8Alhl6xmyoFVY5uMDgxDWaEThYYXTDFOwwo4ijJxkA=	\N	f	1274822386	 اوا اله بخش 			f	t	2020-11-18 14:02:26.661328+00	t	f	\N	\N	\N		\N	158497d2-91fe-4bd5-b314-66078077d283	\N
588	pbkdf2_sha256$180000$zsWIAMcxMQaH$ZTJzTQjMw7Ie8ZV34bgIyeOPl6PMGdxrH7dMgBORJ2c=	\N	f	1274734551	 هستی نوروزی			f	t	2020-11-18 14:02:26.870558+00	t	f	\N	\N	\N		\N	6498da0e-8ca9-44c0-a894-4975ee1a39f6	\N
589	pbkdf2_sha256$180000$BYcl0LsANtle$rrYi83fAGB1xoLooaVMzQhBzqC0gmL5xEAT7OJKog/o=	\N	f	2640320467	 مانی  بیحکم 			f	t	2020-11-18 14:02:27.117994+00	t	f	\N	\N	\N		\N	c037c19c-f5bb-442d-898f-8ac8a58ff464	\N
590	pbkdf2_sha256$180000$B2ZY1Y7yilPF$41Pn81xxgANAe8risuVNoKtTe8ot/1TkLx76KDVrgAc=	\N	f	1810843162	 امیرحسین فلاح خوشدل 			f	t	2020-11-18 14:02:27.341368+00	t	f	\N	\N	\N		\N	251cb27e-7886-4675-9efd-ff624a75c9b9	\N
591	pbkdf2_sha256$180000$NElBKE6xZPTd$3Zq89mlc0nmL7AdKNCWbnpQfzEkaRkC2RrvfuKFfC24=	\N	f	0250416182	 رهام موسی زاده			f	t	2020-11-18 14:02:27.567474+00	t	f	\N	\N	\N		\N	c53c79b7-9a9b-4035-aa11-ba7959b07fad	\N
592	pbkdf2_sha256$180000$ca0MjJymLixS$KJM8CvLerQN54nQgdKSyBJOv2bpPCvVummrlUj8RfGw=	\N	f	3020832551	 یاسین رییسی 			f	t	2020-11-18 14:02:27.79131+00	t	f	\N	\N	\N		\N	8755664a-1ca1-41b9-b401-a6982ce5d14a	\N
593	pbkdf2_sha256$180000$vkLY0rp0UzHD$L+g05R690WjI3qRhta2+1gVZNYSq8UqfYUXVz0qGoSs=	\N	f	3020750849	 یزدان  پولادخوای 			f	t	2020-11-18 14:02:28.031505+00	t	f	\N	\N	\N		\N	5383d71d-0cf9-4f37-bad4-4c937947b1c2	\N
594	pbkdf2_sha256$180000$h74R6jGVKQ0V$wD+lVvCm/Gj72WU4U2WTb6QPOh5bvE0RAOqDBApxpg8=	\N	f	3020749301	 یاسین نظم الدینی			f	t	2020-11-18 14:02:28.230656+00	t	f	\N	\N	\N		\N	19a20db7-60d8-40ca-beb4-018692d3d5dc	\N
595	pbkdf2_sha256$180000$By1kIxxzS8cV$yYAGGufZ3thQN9wj9ZQB15jL3n7CsrXpPiQiuLG/WEw=	\N	f	1274568617	 زهرا  شیرانی  			f	t	2020-11-18 14:02:28.441634+00	t	f	\N	\N	\N		\N	525a0912-1d65-4559-9267-59e547465dcb	\N
596	pbkdf2_sha256$180000$uyj4nZq3Gcqh$RrSggMSnB2CSgg6+mV1KA/7CaHAqX49rEH/Rwrcp0vU=	\N	f	1274837510	 زهرا  غلامیان  			f	t	2020-11-18 14:02:28.65437+00	t	f	\N	\N	\N		\N	161fef32-0c39-41f9-8919-0e384a4839e4	\N
597	pbkdf2_sha256$180000$YCinfY6msbNI$XXXTpYwjD83I2de0va99600y0MYRAKRqtAzLNG9fBsQ=	\N	f	1274570301	 نارنین فاطمه جعفری دستجردی			f	t	2020-11-18 14:02:28.878428+00	t	f	\N	\N	\N		\N	e2c5964a-7a1f-4ed4-91a4-a9f6ce1f431e	\N
598	pbkdf2_sha256$180000$VwyeYfbNQAoZ$xYZ5W/FSVs+z5h303dxQyfdDFG+uhXRdn/7hhoaPiEM=	\N	f	1274457394	 سارا فتاحی  			f	t	2020-11-18 14:02:29.110299+00	t	f	\N	\N	\N		\N	80c54897-fc12-41b3-b406-6938420fba79	\N
599	pbkdf2_sha256$180000$qVAfkOk6lPxs$mvMuPkKA4+cPvY16W0sHla0hjpJkqBaf/S7lViWnFb4=	\N	f	1274372003	 فاطمه  همت زاده 			f	t	2020-11-18 14:02:29.314779+00	t	f	\N	\N	\N		\N	c2148232-c8d2-4d9e-a415-96ae9b264708	\N
600	pbkdf2_sha256$180000$VJq6xbcJovUF$YmRexop6+mh9iqqui07Lfdz79Cv1nRGA3M0JwssvkQM=	\N	f	1274444977	 فاطمه سادات هاشمی نیا 			f	t	2020-11-18 14:02:29.50716+00	t	f	\N	\N	\N		\N	91d69b72-b046-4ea8-b6aa-95055f345f41	\N
601	pbkdf2_sha256$180000$nBNuNgzlcJdp$zroxMmFt1njEJmz9k2gwtL7fHM4Icr0MxbyTNSvq85A=	\N	f	1274356202	 مریم ولی 			f	t	2020-11-18 14:02:29.724957+00	t	f	\N	\N	\N		\N	e283e2b0-85b1-4578-95ed-7f97fdd87e13	\N
602	pbkdf2_sha256$180000$sGfbEzTryyuD$E/OANpbSPNgJnsesApnNzKxU+LwdXH5dC3e9TtJir1o=	\N	f	1274239311	 اوا ميسري امنيه 			f	t	2020-11-18 14:02:29.948778+00	t	f	\N	\N	\N		\N	d7fb8b48-3aba-4d05-a2a0-4ad0c2f42719	\N
603	pbkdf2_sha256$180000$j3J6mlPsoW4W$PrYjjzuT1dnIudCGg/D5ROzojVmACwa0Xt0wFszn1yc=	\N	f	1274239321	 الا ميسري امنيه			f	t	2020-11-18 14:02:30.183255+00	t	f	\N	\N	\N		\N	8e9866ac-27f8-4be5-b8c8-3d74de60d29e	\N
604	pbkdf2_sha256$180000$iqkA5EDjrl5N$/3YtI67mZgyPNzVEK95Ue/+l9r6jdQLIWGz6+PdbQTE=	\N	f	0441426379	 شمیم اله مرادی 			f	t	2020-11-18 14:02:30.440022+00	t	f	\N	\N	\N		\N	e663f440-23a0-4acd-be68-20939265939b	\N
605	pbkdf2_sha256$180000$pgB9gxX7iNiP$k9uSCs33jELqj13R+Ea4PU+tYiCbhk2Cr27GNApqYyw=	\N	f	0313365652	 سارا بهشتی 			f	t	2020-11-18 14:02:30.659358+00	t	f	\N	\N	\N		\N	dcb0b5c5-b5f6-4949-bbb8-2af287325135	\N
606	pbkdf2_sha256$180000$0CC5xgo3dAov$8qNcIGsODmPR8zDrvi/+cPGev2+k8NexZScdY8CDqvk=	\N	f	0025816098	 ریحانه علیمردانی			f	t	2020-11-18 14:02:30.879204+00	t	f	\N	\N	\N		\N	83adb6e6-3876-4613-8034-4c456c79c590	\N
607	pbkdf2_sha256$180000$EbRTCzPVF6Aq$AnPZe0rtjgBJtZzLGivg8RMrXqg/gwccv20Ze5eZOkY=	\N	f	0151137846	 امی تیدا صدیقی 			f	t	2020-11-18 14:02:31.098891+00	t	f	\N	\N	\N		\N	093cf603-ada6-4e8d-8f61-30cb56e11666	\N
608	pbkdf2_sha256$180000$c5Pl1t6m3MHN$FArciUW+iCYokndl7Q4ddjsrfKj5GKsjJ6pPm+GYLEg=	\N	f	4890612211	 فاطمه فلاح نژاد 			f	t	2020-11-18 14:02:31.302491+00	t	f	\N	\N	\N		\N	5a3f18c9-d18e-46a1-abcc-ff5cdb39b2bb	\N
609	pbkdf2_sha256$180000$qfGNdl0t42oU$zZajXI4t8oKylFhC7tlRud+gsEy9Zfxp/o1Uonp7lTM=	\N	f	0110799968	 الناز حسینی رامندی			f	t	2020-11-18 14:02:31.503888+00	t	f	\N	\N	\N		\N	0e5bc2f1-2fd0-43ce-bf29-f02dd82addcb	\N
610	pbkdf2_sha256$180000$r4rVllXJDvJp$nCGnAZ+HtNHD/F4JRLPxlhTV5yObkIT4R0ktGNeSirQ=	\N	f	1190355965	 ارمیتا نادری 			f	t	2020-11-18 14:02:31.734106+00	t	f	\N	\N	\N		\N	e103646e-813a-4bc7-8127-77dcb5e9c95c	\N
611	pbkdf2_sha256$180000$LKLqbInV5Axq$nSL6f4BeKYw+lqfYqGho+uu29FvAGkaSybqd5kH8iUM=	\N	f	1274568935	 هستی  سبقت اللهی 			f	t	2020-11-18 14:02:31.980162+00	t	f	\N	\N	\N		\N	777af8c7-ba14-45d2-b68c-ecec86b33d68	\N
612	pbkdf2_sha256$180000$R7VqpwP0XaJD$GM+kW1hv2sVX39kIx5JSAPdpXwFfE7oRy7jrxWCLeOw=	\N	f	1274626641	 سارینا  فرهنگ			f	t	2020-11-18 14:02:32.172383+00	t	f	\N	\N	\N		\N	f4941fde-6971-4055-abb1-b66414bd8bfa	\N
613	pbkdf2_sha256$180000$7azehRDbmaeD$FDtRDVRxmzV+CujOUiwCzYDKvyIEKYLpsPwedpOMNF0=	\N	f	1100634436	 ثمین محمدی  			f	t	2020-11-18 14:02:32.446847+00	t	f	\N	\N	\N		\N	bbe10fd8-827f-4cee-9517-d976439f1bbd	\N
614	pbkdf2_sha256$180000$oVFTEFYxQZYY$eshfVzEs6R3uslI2N6FMgaNbOIHaBGzV3bvCDVBS2zA=	\N	f	1100642935	 نرگس باقری 			f	t	2020-11-18 14:02:32.698102+00	t	f	\N	\N	\N		\N	674b0f79-1308-467f-a29c-49ba6bc0405c	\N
615	pbkdf2_sha256$180000$2UuYrbm050X3$ew4VvewiitbgsmW6Y/B79UVKYoXvEB1fjcZO7hFpw48=	\N	f	1100639012	 مهدیه طالبی			f	t	2020-11-18 14:02:32.927243+00	t	f	\N	\N	\N		\N	124361b1-fd75-47a7-8b43-87f2d082116c	\N
616	pbkdf2_sha256$180000$phuN41DHJg54$LLXJalOXlmtGOr30kdS8b5z5ESpOAIgBEmu/FK8gGT4=	\N	f	1180123328	 فاطمه الزهراء غفاری مهابادی 			f	t	2020-11-18 14:02:33.171672+00	t	f	\N	\N	\N		\N	58862907-a45d-4619-97b3-cd005ed41d4e	\N
617	pbkdf2_sha256$180000$tVsO6ffCHa86$mZEGSc2kORZ8asGHwTRuaJix71PnTJUO+UFeQbMFy3c=	\N	f	1180123662	 فاطمه  حسینی 			f	t	2020-11-18 14:02:33.41106+00	t	f	\N	\N	\N		\N	ca6ce80b-e767-4f3c-be5c-f4a5d06632d5	\N
618	pbkdf2_sha256$180000$yozx9SRWJOKq$hybVXnMzdF0WMA3QOxkRO2EqkWAKf7qOR6sAs6JRv9A=	\N	f	1180126981	 سمیرا زینلی			f	t	2020-11-18 14:02:33.641736+00	t	f	\N	\N	\N		\N	205ff925-49cb-4379-9ae2-7fa2c48e850a	\N
619	pbkdf2_sha256$180000$upUNSq8TmwdN$JjTqKbWBCV+95yI+mhhByzzR7mFZoMYctlDaWewQ5ss=	\N	f	4901388894	 مه تا  مدنی 			f	t	2020-11-18 14:02:33.859188+00	t	f	\N	\N	\N		\N	51b99076-d39c-43e8-ad47-85c4bc4a66fb	\N
620	pbkdf2_sha256$180000$Od3PH1NhlrPb$ZXJ9NzYsZnHC7TnrE5M0mquVKjaVP39mG54tQjk84uM=	\N	f	0025734776	 فرناز رستگار 			f	t	2020-11-18 14:02:34.067871+00	t	f	\N	\N	\N		\N	7bbc8816-a642-47d5-8131-f99d94899e1d	\N
621	pbkdf2_sha256$180000$00QILELIVy5A$CuJhP8nqRfeQp1+mXvGIBa835cpllncACpRSSTH+AK8=	\N	f	0313046913	 ملیکا علینژاد			f	t	2020-11-18 14:02:34.304567+00	t	f	\N	\N	\N		\N	ff0233b2-fbbd-4bfc-b0fe-a63570aad3e5	\N
622	pbkdf2_sha256$180000$9Fwv4Qu7KUYk$ZVrNnHHU5LOkk2Uu+uInk86LZRH+6/ZrmhzrQ+bHhVc=	\N	f	3850379086	 کیمیا محمدیان 			f	t	2020-11-18 14:02:34.525465+00	t	f	\N	\N	\N		\N	af634942-f940-4365-8022-f6b2df2caac0	\N
623	pbkdf2_sha256$180000$ugSD5v7TgoYt$ef/qwV3YTFlU5KT6vByOF/Xnd4QnZBUeKhc/DTM/Crw=	\N	f	3850380440	 اوین دستی 			f	t	2020-11-18 14:02:34.74007+00	t	f	\N	\N	\N		\N	c44721bd-f8a7-4247-a25b-fef3e6b1ddef	\N
624	pbkdf2_sha256$180000$DlRrRNSNVb7I$XAH53MobPKBbmWeiOa7IQJF3tILu5tRL6kd/2uW8ET4=	\N	f	3850376656	 اسوه خانی			f	t	2020-11-18 14:02:34.945478+00	t	f	\N	\N	\N		\N	529ddb89-45ca-400b-ac5c-a20da5cbc50d	\N
625	pbkdf2_sha256$180000$yTWfbEx5mE9n$wl8v0y8xXtNnt+TswxbJb8yMt1p/+ge/sGDNABlgTLI=	\N	f	1274099307	 محمدرضا شهید کاویانی  			f	t	2020-11-18 14:02:35.237996+00	t	f	\N	\N	\N		\N	3d52b384-16d4-4b41-9462-7da2bc4b4d97	\N
626	pbkdf2_sha256$180000$9aixp0kBCV6J$Od6odY/NI9VizJ0pzr0IJVk5X6vWk3pVex0K2xsJLic=	\N	f	1274206693	 محمدامین  نباتی یزدی  			f	t	2020-11-18 14:02:35.531483+00	t	f	\N	\N	\N		\N	38caba53-b6b2-4359-b9cb-0fe65f464459	\N
627	pbkdf2_sha256$180000$G7wXYcAanLxr$aZltwrFzm888NBV0VanCn3LAECJqHEg5lHNQaoH7yNs=	\N	f	1274277183	 امیرشایان سامانی			f	t	2020-11-18 14:02:35.753864+00	t	f	\N	\N	\N		\N	47ac57f7-d148-44a9-b059-61b21320ec7f	\N
628	pbkdf2_sha256$180000$xZaY2yODEHZE$vtUPaDvu3L7E04LxRjKU1f9wdu/tPdmvLUBgg7LK6m8=	\N	f	1274208106	  ارنیکا مرتضوی 			f	t	2020-11-18 14:02:35.950709+00	t	f	\N	\N	\N		\N	cc0b9b69-c65b-447d-867a-3687b58c0771	\N
629	pbkdf2_sha256$180000$c2OfMijnDEe4$mIsmjApPLfuy9WZO7PWDtjmd6WCMkDw2IBtEajs1cUA=	\N	f	1274317819	 کیانا مهاجرانی 			f	t	2020-11-18 14:02:36.172682+00	t	f	\N	\N	\N		\N	661fd65b-d5c2-4f17-b46a-b609d3c845fc	\N
630	pbkdf2_sha256$180000$LGKXe83bUiSl$2FXa3LHmpwD5xWsDZRRELU8Pp+DXDpztAZc0PVwLCv0=	\N	f	1274257069	 نیکو عصارزادگان			f	t	2020-11-18 14:02:36.368822+00	t	f	\N	\N	\N		\N	58eea764-b200-4dfa-bfb5-ac71f41f036d	\N
631	pbkdf2_sha256$180000$KB1sP0Ya6p2H$GjrIrDoKJW0d+YV8CrsUkC3dqxoOBe/0HQdnASkgZcA=	\N	f	1274404770	 میترا شیرانی 			f	t	2020-11-18 14:02:36.609312+00	t	f	\N	\N	\N		\N	cee98876-2f49-45e6-a369-56a00e3e45dd	\N
632	pbkdf2_sha256$180000$mHuKXvY400eA$W3Xol6TRGZcSH7B7DJ+2GZLvzgtreCuu6RtaOlduvFU=	\N	f	1274407151	 رادنوش عرب 			f	t	2020-11-18 14:02:36.803643+00	t	f	\N	\N	\N		\N	2f2c82c4-8763-472e-9d0f-e7d263069f8e	\N
633	pbkdf2_sha256$180000$Qlc58LMCImXR$/Jfg81gp2tENuw51DjfRsUMAS1pUmXiuuYob+YrFxtM=	\N	f	1274434769	 مهربان صلصالی			f	t	2020-11-18 14:02:37.043809+00	t	f	\N	\N	\N		\N	ce8b71f6-9ca6-4452-b8d5-f742a465b0f1	\N
634	pbkdf2_sha256$180000$AOUBRxyCVZEe$MMfBCIiZ6N9dBUWirBDZpAjAizgjymxFm9olZcPVmns=	\N	f	0313224188	 نگار سردشتی 			f	t	2020-11-18 14:02:37.2601+00	t	f	\N	\N	\N		\N	b84c7a2f-5901-44b7-bcf1-5a48249e9858	\N
635	pbkdf2_sha256$180000$SH178kApwpkW$BJWOrHsGxC8d6UMwUaol1DdnGM8OGCkNGvGiNL8BF18=	\N	f	0313351740	 کیمیا کریم پور 			f	t	2020-11-18 14:02:37.500377+00	t	f	\N	\N	\N		\N	c5f9d1ce-0b00-446e-94c1-c77c69c8e166	\N
636	pbkdf2_sha256$180000$sX48WKQvDfXA$UaW6ZjuTBTOp+xDKlkHdvpQr17ipPjsm9QV8da7vJcw=	\N	f	0313429553	 تارا جنت شریفی			f	t	2020-11-18 14:02:37.713507+00	t	f	\N	\N	\N		\N	ea0cab2a-f9a9-404a-a913-e492e329f169	\N
637	pbkdf2_sha256$180000$bLPtguHOxAxc$6BcKLlDqQteK/YMpzIhIdwtM9kegvZM+Wf/zPMo/mXU=	\N	f	1274880459	 نگار مهدوی انارکی 			f	t	2020-11-18 14:02:37.946258+00	t	f	\N	\N	\N		\N	ececa7d3-cf11-459f-9b00-7ced39920376	\N
638	pbkdf2_sha256$180000$Zb2IYd7WDjU3$0tXvWNRQNhvUO7mfJ93PRI/CR/DzFAlhewOUPCGgOwI=	\N	f	1274709431	 یاسمین  رزدان 			f	t	2020-11-18 14:02:38.157377+00	t	f	\N	\N	\N		\N	152f74dd-0e08-467f-baf1-e3c56c1c4b38	\N
639	pbkdf2_sha256$180000$586eBqPNCGue$FaX9QPBgYtm3ulPq9cwqZGiH8OUvXlsHH4E5LBtO07c=	\N	f	1274852323	 نجمه صدرایی			f	t	2020-11-18 14:02:38.415179+00	t	f	\N	\N	\N		\N	3b83cf21-2742-43a2-85d1-ef902b3b68c1	\N
640	pbkdf2_sha256$180000$M1r9zuHO7U0v$KAB7LvIF6yzXiJKu1fsX7m9h8HqWB7W/ZbI2GhuwkLY=	\N	f	4421337552	 یوسف شیرزادیان 			f	t	2020-11-18 14:02:38.682234+00	t	f	\N	\N	\N		\N	8e09fc2b-371f-4069-8c7d-2a09c83283f3	\N
641	pbkdf2_sha256$180000$hi2SwOqFO0Tj$MVArscUCxOlQ+Wl/RMfwUumz+7YatoKGfC4OHedkPGY=	\N	f	4421284882	 مهدی اسلامی اله ابادی 			f	t	2020-11-18 14:02:38.887008+00	t	f	\N	\N	\N		\N	e815eec5-3b03-4e30-97a5-6b9c7c38bb0c	\N
642	pbkdf2_sha256$180000$XPoOoTGcwCLD$N4j4dzxOYGU+5LKVvgZjdXBkhQGytoQPF1FpKv5+DzI=	\N	f	4421351199	 عماد کریمی			f	t	2020-11-18 14:02:39.107009+00	t	f	\N	\N	\N		\N	af83acf7-7654-47e0-90bb-1f9164533fee	\N
643	pbkdf2_sha256$180000$awoL8ZKYDMjg$vtZ1t9ZbyGqIXzErNbPjN4aN3olq7uTumwi/vNsLZJI=	\N	f	1274686555	 اوا حیدری 			f	t	2020-11-18 14:02:39.35035+00	t	f	\N	\N	\N		\N	c0f1b361-9770-4825-ad5b-68a0922014c1	\N
644	pbkdf2_sha256$180000$vuZJSo39ymUh$+v2cIr5aiF+8r+2uny33DKbihXtUMwWgIs5lQVrajao=	\N	f	1274757746	 افاق صالحی شکراور 			f	t	2020-11-18 14:02:39.590723+00	t	f	\N	\N	\N		\N	31bb59cd-9d07-4c1f-931e-c750a528e8b5	\N
645	pbkdf2_sha256$180000$Ysz287vSlnZE$sVU2EVODsRPW0wCeEhYuTOn8ZSPwwJ0qlRQzD8FdjXI=	\N	f	1274633230	 غزل دهقان			f	t	2020-11-18 14:02:39.830332+00	t	f	\N	\N	\N		\N	8eb103a4-091b-49eb-97a1-5a0d9962b510	\N
646	pbkdf2_sha256$180000$z3a1X9VaeYq1$eMDIlqJIhyh/WjF0K2t3RmQJ1F0doJADKTynshOmWCA=	\N	f	1274457815	 فایزه  شیروانی دستگردی  			f	t	2020-11-18 14:02:40.066101+00	t	f	\N	\N	\N		\N	adf9132c-7f02-43e8-bce6-46e9cf9883e3	\N
647	pbkdf2_sha256$180000$zlhQlgMhpa1L$sLXhq7QHhTbVDBX4EnHk+z/kSYqyJ25Eu5nUqOTrpq4=	\N	f	1274532701	 نرگس سادات  میریان 			f	t	2020-11-18 14:02:40.325563+00	t	f	\N	\N	\N		\N	1c2a88ab-7b87-4c72-b62e-e15658deb028	\N
648	pbkdf2_sha256$180000$vaF3QiUkWI48$fOvkpnIfEwmRwYN0Dho/ULUbCjBJssC8svTcan8mk0c=	\N	f	1274582512	 سیده ساناز  فاطمی 			f	t	2020-11-18 14:02:40.572821+00	t	f	\N	\N	\N		\N	0cc301be-1500-4ae0-ab53-fa325b688ea5	\N
649	pbkdf2_sha256$180000$sSM17l10UAb2$ykFHTk9VuZX7UR5QyeZEjOp+rWCVD8cz9ghVzzyfv2A=	\N	f	1960772465	 نیکتا عیدیوندی 			f	t	2020-11-18 14:02:40.810242+00	t	f	\N	\N	\N		\N	e9500d3b-f3f8-4deb-87b4-870459990cb2	\N
650	pbkdf2_sha256$180000$SCvjBuGUHMOZ$ZVncr127pqNpqiMezKfGaRcTR+URsf8oUvl13CHIydM=	\N	f	1274479525	 مبینا سادات  طبایی 			f	t	2020-11-18 14:02:41.027047+00	t	f	\N	\N	\N		\N	3c16abc9-6e68-4798-b8a6-f80475a7ebab	\N
651	pbkdf2_sha256$180000$AraheQ0Rbacv$o4NuJAAJNx/WbpXIAi/G5PhxqYuzx5UF8K0sPcu3ZNo=	\N	f	5100290226	 یاسمن سعیدی			f	t	2020-11-18 14:02:41.217734+00	t	f	\N	\N	\N		\N	86e7808e-0c2f-4c96-9cd6-ef787fb7f981	\N
652	pbkdf2_sha256$180000$qXvmAXiDcrCB$X20DSNekhTMN5VzH95sHeFoAcUiAVUKaIYFZNDYvB1o=	\N	f	1274383420	 مبینا واعظی 			f	t	2020-11-18 14:02:41.445644+00	t	f	\N	\N	\N		\N	fcbf600c-90ff-4268-8ea1-ca09788167e1	\N
653	pbkdf2_sha256$180000$PhQSjLM14tFD$ILR7+Ilt6SipBSDuAlLg+JH7yRdO1gQKuNBT7BIq9fo=	\N	f	1274574870	 اتنا صمیمی 			f	t	2020-11-18 14:02:41.664167+00	t	f	\N	\N	\N		\N	1144afd2-412a-4cd4-815b-4113eb9fd248	\N
654	pbkdf2_sha256$180000$qqyNXx98zVKM$Kj7R5UIrizg4l0Q6WKlLnrIondiF0iZK0O+fkpTUeLY=	\N	f	1080744002	 عسل فاضل			f	t	2020-11-18 14:02:41.863281+00	t	f	\N	\N	\N		\N	286966ac-8a7a-42b7-a6e4-d34cf93dd42b	\N
655	pbkdf2_sha256$180000$afBvNeBLu1q3$DhGXV0X5KI2JkEIk08Lsqrt0w8BZbxDxiVYf3R9uRlg=	\N	f	1274588596	 فازه حیدری دهکردی 			f	t	2020-11-18 14:02:42.100928+00	t	f	\N	\N	\N		\N	4effdf80-b55b-4dec-a3fc-a754369dd6b4	\N
656	pbkdf2_sha256$180000$Cbg9ogacOEZY$NVkWf9A1WRCES7tXZ118l1+sPC3V+uZAKcqP8Kjy96U=	\N	f	1274435031	 عارفه  دادخواه تهرانی 			f	t	2020-11-18 14:02:42.318153+00	t	f	\N	\N	\N		\N	50f8d6e3-58a8-484c-aa96-3ee861acf9c3	\N
657	pbkdf2_sha256$180000$U6KilZlCqpc8$FK2NeaNq3G9qBv8FdkjQY310lCX7oYGxF6BK0sJHFSo=	\N	f	1274468612	 اناهیت ادیبی			f	t	2020-11-18 14:02:42.538952+00	t	f	\N	\N	\N		\N	60697437-0052-4bdb-b696-a3633e9da8d8	\N
658	pbkdf2_sha256$180000$wVei38Wmljof$H6SbRONur7TMM4rrq/BJAWylBbB3yrEOLXgSfsT+YX8=	\N	f	1274690511	 محمد امین  نجفی سرپیری 			f	t	2020-11-18 14:02:42.758237+00	t	f	\N	\N	\N		\N	19316df5-442d-438c-bbe4-4c6049970531	\N
659	pbkdf2_sha256$180000$B6BD1LKxrPxt$j+jnYJ981cL3R3YAMAYLRA9c/oFIA7cVvz29HaN/w40=	\N	f	1274758483	 بهنام عسکری سیچانی 			f	t	2020-11-18 14:02:42.975109+00	t	f	\N	\N	\N		\N	a25e04ea-1040-4ffb-9e8a-a063d6c98f94	\N
660	pbkdf2_sha256$180000$o9FTIBeYI8Bq$E6CHOUrGlyGSmS8Q3XADGBOpV8Z+lFFNEwMq7b8LhvY=	\N	f	1274622875	 سام عموبیگی جزی			f	t	2020-11-18 14:02:43.193294+00	t	f	\N	\N	\N		\N	050f58a2-ccac-4814-a124-3f237086793c	\N
661	pbkdf2_sha256$180000$lDpn2XsMKyNt$qcBMXDs/D3lmpHaLC09/ciEIMyM81BjWaS6yido7yhA=	\N	f	1274433630	 مبینا شریفی 			f	t	2020-11-18 14:02:43.41909+00	t	f	\N	\N	\N		\N	5ee6abe8-a018-4651-933c-7872a97207eb	\N
662	pbkdf2_sha256$180000$Aix3JzrQQNT9$iri/pw4tUjTbYLr93SFDXRWtAilKiQ7E8W6jUDrQmsU=	\N	f	1274497787	 حنانه شفیعیه 			f	t	2020-11-18 14:02:43.636211+00	t	f	\N	\N	\N		\N	596a0347-0f3a-491d-8058-15f635973a5b	\N
663	pbkdf2_sha256$180000$nzoexHu5e2Xe$2CiPIOSnlyCgta0JegyBKUKEQ1OirVItJRF/QjFmPX8=	\N	f	1274628814	 نرجس اخوان			f	t	2020-11-18 14:02:43.875748+00	t	f	\N	\N	\N		\N	3020d952-2cbf-44be-bfb9-4c7882058e86	\N
664	pbkdf2_sha256$180000$lECpYZ1Nkk6Z$ZbTTK3RwbsYpi4czqVSGphbXLe3CYD7/h9VreTMuze8=	\N	f	1274428424	 مریم  چاووشی 			f	t	2020-11-18 14:02:44.129244+00	t	f	\N	\N	\N		\N	f453ba21-49fc-44f9-ac1a-26bee52f6f82	\N
665	pbkdf2_sha256$180000$cLO2eHJIU2hP$w8TeCMeJ3hb7LUyyfXomxFsHRqAJ7cE9FT+X4i/o5hw=	\N	f	1130686094	 سارا تقی پور 			f	t	2020-11-18 14:02:44.324927+00	t	f	\N	\N	\N		\N	7bd2415c-3db5-4ce0-816d-bac92ce7a5a8	\N
666	pbkdf2_sha256$180000$RSPoprtDHuP0$6nImg5VhFCQ1Gtnsx6gAuRF/NpCmTX0s3nv48ySWnOc=	\N	f	1274385881	 زهرا بدیعیان			f	t	2020-11-18 14:02:44.568396+00	t	f	\N	\N	\N		\N	fd45a05b-e86e-4654-93df-a314194bdd76	\N
667	pbkdf2_sha256$180000$N4ZJLVfncnvP$iytppHp6DshIZ/OGCB7Pdejcbvsj/9eKBA8Yyakla3w=	\N	f	1274879027	 خورشید  باهوش  			f	t	2020-11-18 14:02:44.76179+00	t	f	\N	\N	\N		\N	acd97585-d25e-4c3d-bf5b-bb0d8bb58bd6	\N
668	pbkdf2_sha256$180000$AUcnPgCgmwif$YEourZ6EpoBhRlDIzSysvidluqMCFDHo6ISnQUr//Ro=	\N	f	1274601606	 ماندانا محبی  			f	t	2020-11-18 14:02:44.954087+00	t	f	\N	\N	\N		\N	c3e85d5f-53ba-4485-9cb2-9e1c7e1f9f94	\N
669	pbkdf2_sha256$180000$bUHJovPDs8ri$iewSRxRVYn4qoY61SdnXQxaL2O4Fz+WL9Sq1RVO13ks=	\N	f	4611058883	 مبینا  نوروزی 			f	t	2020-11-18 14:02:45.185371+00	t	f	\N	\N	\N		\N	629df796-1aed-48fc-8c2e-3ebc3e4f15dd	\N
670	pbkdf2_sha256$180000$M1Sq1rulQL5j$5yR7JWvDZotSYPCTZ8NSmMAaG1yP0diMWNXB+uPsi4c=	\N	f	4421432253	 سید محمد ماهان  حبیب زاده 			f	t	2020-11-18 14:02:45.460334+00	t	f	\N	\N	\N		\N	860ff60d-6e55-48fa-bd99-78650b142771	\N
671	pbkdf2_sha256$180000$jawgEKJGeVXo$EsoslrocBydAlzxQRUCCISKRM/1WRiKTQ2Lj2PLt5T0=	\N	f	4421401307	 نوید ناطق 			f	t	2020-11-18 14:02:45.728711+00	t	f	\N	\N	\N		\N	7c765ea9-4b40-4f31-8bbe-b42a58594123	\N
672	pbkdf2_sha256$180000$h3t0Z0OoN1M6$0OwQxXsD5ou23CgsyJ2Ld0EoL6bTubqL3DaH7XTG/eg=	\N	f	4421462993	 ارسلان  کریمی			f	t	2020-11-18 14:02:46.063716+00	t	f	\N	\N	\N		\N	b1e81e79-7920-42d5-a2ce-834444a2b40a	\N
673	pbkdf2_sha256$180000$DqHMXjlyTHNJ$jMJ4Orkb3nqBxPCuHLibnyrrGSJy9oHegibIyjaECLQ=	\N	f	1274624436	 هانا لاهوتی مقدم 			f	t	2020-11-18 14:02:46.34423+00	t	f	\N	\N	\N		\N	c633827b-813b-458f-920a-9383959a3749	\N
674	pbkdf2_sha256$180000$HBKcLRhZI0OD$5YdhD3IedAEn89/ISVxcI7TTojVXZFHyHBgO0qMdqgE=	\N	f	1274521653	 مهگل پوردایی 			f	t	2020-11-18 14:02:46.586872+00	t	f	\N	\N	\N		\N	88eb1889-187f-4bbb-805e-8fb71b24fbb0	\N
675	pbkdf2_sha256$180000$P95WOXOSNoxb$bVxQNS1RxAOBHv6NnPFzW0+h1nyklglRY/+ARbjzWo8=	\N	f	1274546893	 شکیبا طباخی			f	t	2020-11-18 14:02:46.794141+00	t	f	\N	\N	\N		\N	720d28a0-903c-4dbf-af21-9298e98d5af8	\N
676	pbkdf2_sha256$180000$strmXPkXDabg$4kDleGiXZaF8j7LFddnntGOQKtjzNZiXESRVH+fGVtU=	\N	f	6600148152	 زینب سادات سجادی نسب 			f	t	2020-11-18 14:02:47.008457+00	t	f	\N	\N	\N		\N	9bee00cb-f1a0-4937-909c-694dbbe799b3	\N
677	pbkdf2_sha256$180000$itR3lpFV55Fd$59quCGKLHYo+hGL4K1BEfjGo/Sh0LY//mQ4hDLwNs38=	\N	f	1274549973	 زهرا ابراهیمی 			f	t	2020-11-18 14:02:47.227077+00	t	f	\N	\N	\N		\N	2c279fd2-6a34-4228-b7b4-773d30c5d6a8	\N
678	pbkdf2_sha256$180000$ws0voFVePzxZ$n0TkYol4E15hzAdsEBzVyQFeoBl0q9K47P5qs+3LfG4=	\N	f	1274527767	 هانیه  نوروزی			f	t	2020-11-18 14:02:47.450283+00	t	f	\N	\N	\N		\N	d0f9b306-b9a5-4d08-a658-b6e05ef0ae26	\N
679	pbkdf2_sha256$180000$ptQ6nbnPzT60$Da8dYn0nJWv+ZgFJC7JAyN5GZ2CqZSWPnzARc5mJG8M=	\N	f	1274566835	 مهدیس مرادی 			f	t	2020-11-18 14:02:47.667482+00	t	f	\N	\N	\N		\N	382a6104-6901-4cbb-9a55-feec2f3ae607	\N
680	pbkdf2_sha256$180000$rsU6ouKQueJp$6RCSi+GSshvH+pykBCPk0r7z0B8XaKbxWCMeHSu7N04=	\N	f	1274474299	 فاطمه معلمی 			f	t	2020-11-18 14:02:47.879197+00	t	f	\N	\N	\N		\N	176c744a-529d-450e-a18c-5bf9c1d4b6d5	\N
681	pbkdf2_sha256$180000$mtRkn8ju1Jj5$WyegFA5tputp6cAUNKY1FmXur4GoNFLnfB3sHRUDqTs=	\N	f	1274412145	 ساناز نادری 			f	t	2020-11-18 14:02:48.089964+00	t	f	\N	\N	\N		\N	de9ca32a-666c-43e7-ab95-1150bfba9b92	\N
682	pbkdf2_sha256$180000$VcnNcOveoAM1$k7feDw65jxeDptPu0JZPI5r9Sm/NrsVVNIaaYYG2gow=	\N	f	3490623411	 امیرمهدی طهماسبی 			f	t	2020-11-18 14:02:48.31365+00	t	f	\N	\N	\N		\N	bb398c3e-2bbc-4024-998b-8d0eaf01855e	\N
683	pbkdf2_sha256$180000$iF9l1mzX1WQm$KycXf5mwI0XH6ECgmRYNkHh7bhkEx8ou5bW1Vvof10Q=	\N	f	3490632338	 محسن جمال اف سنگی 			f	t	2020-11-18 14:02:48.545156+00	t	f	\N	\N	\N		\N	c8e0cfc2-ac86-4a53-b986-017599bd9a9b	\N
684	pbkdf2_sha256$180000$xolq41EFsCr9$h/SgET6C0/IqLKo0PQTvZu+G1JKFNAwilYXYevBpvkI=	\N	f	3243101761	 امیررضا صادقی			f	t	2020-11-18 14:02:48.741999+00	t	f	\N	\N	\N		\N	435a630b-613e-466b-a55d-de5188d28bf7	\N
685	pbkdf2_sha256$180000$Gou7txKEC5pY$5wSzU+SsnhwW1S/P4fMpZ54k9oXd3/iVGkWzQ0XOS6Q=	\N	f	1080777415	 فاطمه پوراسماعیلی 			f	t	2020-11-18 14:02:48.959476+00	t	f	\N	\N	\N		\N	1fe70960-a25a-47cc-aa1e-c5c60c274baf	\N
686	pbkdf2_sha256$180000$LSN7NlRktX6N$WFj5zv+eLwAn8MeZXY4pFzNnoQOFQ3jUTqBk9niIFgg=	\N	f	1080749403	 مریم میرزایی  			f	t	2020-11-18 14:02:49.159405+00	t	f	\N	\N	\N		\N	2f1dae5d-2b8c-497f-b5a5-212d93210ee6	\N
687	pbkdf2_sha256$180000$Et4P9RBIstnz$83nhUrI0+GQo43aLl8s/IOvKH3P3Os6dBLRZMOy7FyQ=	\N	f	1080747001	 شکیبا رضاییان 			f	t	2020-11-18 14:02:49.387868+00	t	f	\N	\N	\N		\N	c2d78439-9ea9-4f7c-ab41-ccb9f223866d	\N
688	pbkdf2_sha256$180000$hrliMSXIFOsP$aD8H7BAce5Hefsb89lERltomZgcOqt8L9jJrYXy7ttk=	\N	f	f.labbaf98@gmail.com			f.labbaf98@gmail.com	f	t	2020-11-18 14:18:13.562028+00	f	t	\N	\N	\N		\N	5f6d4978-531b-4888-8dfc-7a4c79b1f3d9	\N
689	pbkdf2_sha256$180000$LrCvv0ZmCoLg$ynmgMzB5qyY+lxjqCCPpTmWNaufx8xrRnDcQsROWPV4=	\N	f	mentor1			mentor1	f	t	2020-11-18 14:22:12.652829+00	f	t	\N	\N	\N		\N	3542cb48-835f-4ff8-bd34-b50813803d7e	\N
690	pbkdf2_sha256$180000$C1PxY9YAPrLt$lD5H/qVnUWlkneH+8ypcyIqxz2UpDRLFRLKO97A8ltA=	\N	f	mentor2			mentor2	f	t	2020-11-18 14:23:22.023265+00	f	t	\N	\N	\N		\N	b289860b-39bd-4f8d-837a-adea8ab1b514	\N
691	pbkdf2_sha256$180000$YCaM4NZf1M0m$+t2ZRAdVYrplySmIftR9lgjEQdJFD4STYubHtRIiWsU=	\N	f	mentor3			mentor3	f	t	2020-11-18 14:24:52.2496+00	f	t	\N	\N	\N		\N	9194e213-f91c-454b-a114-cca11af6a019	\N
693	pbkdf2_sha256$180000$MOPtKXlJcw2L$I6xLOPSYGcsgejfDwlTPuxdC8gAx1f3tSu2ukFWerN4=	\N	f	mentor4			mentor4	f	t	2020-11-18 14:25:20.895211+00	f	t	\N	\N	\N		\N	8c668602-dd65-4a69-85b2-6ec361ec498d	\N
694	pbkdf2_sha256$180000$mKNWxOxPQ387$8P6/s0I3fdYVLZ3CqwA6h7tT/uCgGEP+EU3WXhHm9mU=	\N	f	mentor5			mentor5	f	t	2020-11-18 14:25:33.900728+00	f	t	\N	\N	\N		\N	289f87c2-f712-4bf1-a4e9-767191b9a038	\N
695	pbkdf2_sha256$180000$4ISK5DUugTYh$pXVYmYYsLwXM1X8MAbjIIP4PQRPBpOpgx7K4DYP9O+M=	\N	f	mentor6			mentor6	f	t	2020-11-18 14:26:01.431647+00	f	t	\N	\N	\N		\N	3722b95c-db23-415f-866b-f5c8e13a81d7	\N
696	pbkdf2_sha256$180000$bIdC77OgOnoB$9pNG+Gyjzm6Q4AiqIG5HUfCaPS+UVZVnx+3SxgGKxhs=	\N	f	mentor7			mentor7	f	t	2020-11-18 14:26:12.873202+00	f	t	\N	\N	\N		\N	1752a609-4dbd-4aa0-a700-de567afa6d86	\N
697	pbkdf2_sha256$180000$awK4QAcrLDWr$NawpuD9iBB/BG6AlgrCGpHdB6D4w+VXPMoxQtsevxT4=	\N	f	mentor8			mentor8	f	t	2020-11-18 14:26:28.239143+00	f	t	\N	\N	\N		\N	afc53538-e8ae-4e67-b30b-3992ebfa4ade	\N
698	pbkdf2_sha256$180000$SY6KCrZbhQFX$VRt8hCH09MmRCulMecMIUe5P0Yku+BCEGF0ULw7nU3I=	\N	f	mentor9			mentor9	f	t	2020-11-18 14:26:41.181178+00	f	t	\N	\N	\N		\N	d170be69-e8cb-41ed-82df-7486a660420e	\N
699	pbkdf2_sha256$180000$zudDSduSE96M$GBPoy9S+AHKAi7lH9mKUmV1h3j2u+Cpiyjwqupxadcs=	\N	f	mentor11			mentor11	f	t	2020-11-18 14:26:58.568212+00	f	t	\N	\N	\N		\N	ff92335a-5dc1-493f-baea-e9d587960f76	\N
700	pbkdf2_sha256$180000$jFSwKgHISa1t$NmurNretjcONZP3wiGk0n5Q1yB8/sAgppLWxkvoEY4E=	\N	f	mentor12			mentor12	f	t	2020-11-18 14:28:06.169824+00	f	t	\N	\N	\N		\N	1165d4fc-1df0-4b4c-a952-99a02b74f00e	\N
702	pbkdf2_sha256$180000$Pe3zERQKF9br$c8XyQ/lDAAEdvtXslRWcgormSQ++o3Pq2l3Rm92k+vA=	\N	f	mentor14			mentor14	f	t	2020-11-18 14:28:35.530105+00	f	t	\N	\N	\N		\N	7e642082-a406-4d79-bdb2-af3285061a29	\N
2	pbkdf2_sha256$180000$uwggPZnFj60o$Gq7QX71BZjDpFFiVHKYpChETel7U6Gm/zpcBQ3qwy+Q=	2020-11-19 16:58:29.931682+00	t	faezeh				t	t	2020-11-18 08:19:29.882588+00	t	f	\N	\N	\N		\N	1832bc13-fd00-463a-a7b2-c8b12c95fea5	\N
703	pbkdf2_sha256$180000$uwggPZnFj60o$Gq7QX71BZjDpFFiVHKYpChETel7U6Gm/zpcBQ3qwy+Q=	\N	f	test2	test2	testian2	test2@g.com	f	t	2020-11-19 17:09:31+00	t	f	\N	\N	\N		\N	816e009d-e733-480b-83d9-6af884dbc2cd	\N
701	pbkdf2_sha256$180000$tSgM4uCuSHpq$Pfyk+iIS5ek4ZGUPCZX4dDYho+Rgl9JLT/zgw1x3XtM=	\N	f	mentor13			mentor13@g.com	f	t	2020-11-18 14:28:20+00	f	t	\N	\N	\N		\N	46687872-2e39-4c5c-9f96-3dbe3daff268	\N
\.


--
-- Data for Name: accounts_mentor; Type: TABLE DATA; Schema: public; Owner: workshop
--

COPY public.accounts_mentor (id, member_id) FROM stdin;
1	688
2	689
3	690
4	691
5	693
6	694
7	695
8	696
9	697
10	698
11	699
12	700
13	701
14	702
\.


--
-- Data for Name: accounts_player; Type: TABLE DATA; Schema: public; Owner: workshop
--

COPY public.accounts_player (id, score, active, player_type) FROM stdin;
1	\N	t	PARTICIPANT
2	\N	t	TEAM
3	\N	t	PARTICIPANT
4	\N	t	PARTICIPANT
5	\N	t	PARTICIPANT
6	\N	t	TEAM
7	\N	t	PARTICIPANT
8	\N	t	PARTICIPANT
9	\N	t	PARTICIPANT
10	\N	t	TEAM
11	\N	t	PARTICIPANT
12	\N	t	PARTICIPANT
13	\N	t	PARTICIPANT
14	\N	t	TEAM
15	\N	t	PARTICIPANT
16	\N	t	PARTICIPANT
17	\N	t	PARTICIPANT
18	\N	t	TEAM
19	\N	t	PARTICIPANT
20	\N	t	PARTICIPANT
21	\N	t	PARTICIPANT
22	\N	t	TEAM
23	\N	t	PARTICIPANT
24	\N	t	PARTICIPANT
25	\N	t	PARTICIPANT
26	\N	t	TEAM
27	\N	t	PARTICIPANT
28	\N	t	PARTICIPANT
29	\N	t	PARTICIPANT
30	\N	t	TEAM
31	\N	t	PARTICIPANT
32	\N	t	PARTICIPANT
33	\N	t	PARTICIPANT
34	\N	t	TEAM
35	\N	t	PARTICIPANT
36	\N	t	PARTICIPANT
37	\N	t	PARTICIPANT
38	\N	t	TEAM
39	\N	t	PARTICIPANT
40	\N	t	PARTICIPANT
41	\N	t	PARTICIPANT
42	\N	t	TEAM
43	\N	t	PARTICIPANT
44	\N	t	PARTICIPANT
45	\N	t	PARTICIPANT
46	\N	t	TEAM
47	\N	t	PARTICIPANT
48	\N	t	PARTICIPANT
49	\N	t	PARTICIPANT
50	\N	t	TEAM
51	\N	t	PARTICIPANT
52	\N	t	PARTICIPANT
53	\N	t	PARTICIPANT
54	\N	t	TEAM
55	\N	t	PARTICIPANT
56	\N	t	PARTICIPANT
57	\N	t	PARTICIPANT
58	\N	t	TEAM
59	\N	t	PARTICIPANT
60	\N	t	PARTICIPANT
61	\N	t	PARTICIPANT
62	\N	t	TEAM
63	\N	t	PARTICIPANT
64	\N	t	PARTICIPANT
65	\N	t	PARTICIPANT
66	\N	t	TEAM
67	\N	t	PARTICIPANT
68	\N	t	PARTICIPANT
69	\N	t	PARTICIPANT
70	\N	t	TEAM
71	\N	t	PARTICIPANT
72	\N	t	PARTICIPANT
73	\N	t	PARTICIPANT
74	\N	t	TEAM
75	\N	t	PARTICIPANT
76	\N	t	PARTICIPANT
77	\N	t	PARTICIPANT
78	\N	t	TEAM
79	\N	t	PARTICIPANT
80	\N	t	PARTICIPANT
81	\N	t	PARTICIPANT
82	\N	t	TEAM
83	\N	t	PARTICIPANT
84	\N	t	PARTICIPANT
85	\N	t	PARTICIPANT
86	\N	t	TEAM
87	\N	t	PARTICIPANT
88	\N	t	PARTICIPANT
89	\N	t	PARTICIPANT
90	\N	t	TEAM
91	\N	t	PARTICIPANT
92	\N	t	PARTICIPANT
93	\N	t	PARTICIPANT
94	\N	t	TEAM
95	\N	t	PARTICIPANT
96	\N	t	PARTICIPANT
97	\N	t	PARTICIPANT
98	\N	t	TEAM
99	\N	t	PARTICIPANT
100	\N	t	PARTICIPANT
101	\N	t	PARTICIPANT
102	\N	t	TEAM
103	\N	t	PARTICIPANT
104	\N	t	PARTICIPANT
105	\N	t	PARTICIPANT
106	\N	t	TEAM
107	\N	t	PARTICIPANT
108	\N	t	PARTICIPANT
109	\N	t	PARTICIPANT
110	\N	t	TEAM
111	\N	t	PARTICIPANT
112	\N	t	PARTICIPANT
113	\N	t	PARTICIPANT
114	\N	t	TEAM
115	\N	t	PARTICIPANT
116	\N	t	PARTICIPANT
117	\N	t	PARTICIPANT
118	\N	t	TEAM
119	\N	t	PARTICIPANT
120	\N	t	PARTICIPANT
121	\N	t	PARTICIPANT
122	\N	t	TEAM
123	\N	t	PARTICIPANT
124	\N	t	PARTICIPANT
125	\N	t	PARTICIPANT
126	\N	t	TEAM
127	\N	t	PARTICIPANT
128	\N	t	PARTICIPANT
129	\N	t	PARTICIPANT
130	\N	t	TEAM
131	\N	t	PARTICIPANT
132	\N	t	PARTICIPANT
133	\N	t	PARTICIPANT
134	\N	t	TEAM
135	\N	t	PARTICIPANT
136	\N	t	PARTICIPANT
137	\N	t	PARTICIPANT
138	\N	t	TEAM
139	\N	t	PARTICIPANT
140	\N	t	PARTICIPANT
141	\N	t	PARTICIPANT
142	\N	t	TEAM
143	\N	t	PARTICIPANT
144	\N	t	PARTICIPANT
145	\N	t	PARTICIPANT
146	\N	t	TEAM
147	\N	t	PARTICIPANT
148	\N	t	PARTICIPANT
149	\N	t	PARTICIPANT
150	\N	t	TEAM
151	\N	t	PARTICIPANT
152	\N	t	PARTICIPANT
153	\N	t	PARTICIPANT
154	\N	t	TEAM
155	\N	t	PARTICIPANT
156	\N	t	PARTICIPANT
157	\N	t	PARTICIPANT
158	\N	t	TEAM
159	\N	t	PARTICIPANT
160	\N	t	PARTICIPANT
161	\N	t	PARTICIPANT
162	\N	t	TEAM
163	\N	t	PARTICIPANT
164	\N	t	PARTICIPANT
165	\N	t	PARTICIPANT
166	\N	t	TEAM
167	\N	t	PARTICIPANT
168	\N	t	PARTICIPANT
169	\N	t	PARTICIPANT
170	\N	t	TEAM
171	\N	t	PARTICIPANT
172	\N	t	PARTICIPANT
173	\N	t	PARTICIPANT
174	\N	t	TEAM
175	\N	t	PARTICIPANT
176	\N	t	PARTICIPANT
177	\N	t	PARTICIPANT
178	\N	t	TEAM
179	\N	t	PARTICIPANT
180	\N	t	PARTICIPANT
181	\N	t	PARTICIPANT
182	\N	t	TEAM
183	\N	t	PARTICIPANT
184	\N	t	PARTICIPANT
185	\N	t	PARTICIPANT
186	\N	t	TEAM
187	\N	t	PARTICIPANT
188	\N	t	PARTICIPANT
189	\N	t	PARTICIPANT
190	\N	t	TEAM
191	\N	t	PARTICIPANT
192	\N	t	PARTICIPANT
193	\N	t	PARTICIPANT
194	\N	t	TEAM
195	\N	t	PARTICIPANT
196	\N	t	PARTICIPANT
197	\N	t	PARTICIPANT
198	\N	t	TEAM
199	\N	t	PARTICIPANT
200	\N	t	PARTICIPANT
201	\N	t	PARTICIPANT
202	\N	t	TEAM
203	\N	t	PARTICIPANT
204	\N	t	PARTICIPANT
205	\N	t	PARTICIPANT
206	\N	t	TEAM
207	\N	t	PARTICIPANT
208	\N	t	PARTICIPANT
209	\N	t	PARTICIPANT
210	\N	t	TEAM
211	\N	t	PARTICIPANT
212	\N	t	PARTICIPANT
213	\N	t	PARTICIPANT
214	\N	t	TEAM
215	\N	t	PARTICIPANT
216	\N	t	PARTICIPANT
217	\N	t	PARTICIPANT
218	\N	t	TEAM
219	\N	t	PARTICIPANT
220	\N	t	PARTICIPANT
221	\N	t	PARTICIPANT
222	\N	t	TEAM
223	\N	t	PARTICIPANT
224	\N	t	PARTICIPANT
225	\N	t	PARTICIPANT
226	\N	t	TEAM
227	\N	t	PARTICIPANT
228	\N	t	PARTICIPANT
229	\N	t	PARTICIPANT
230	\N	t	TEAM
231	\N	t	PARTICIPANT
232	\N	t	PARTICIPANT
233	\N	t	PARTICIPANT
234	\N	t	TEAM
235	\N	t	PARTICIPANT
236	\N	t	PARTICIPANT
237	\N	t	PARTICIPANT
238	\N	t	TEAM
239	\N	t	PARTICIPANT
240	\N	t	PARTICIPANT
241	\N	t	PARTICIPANT
242	\N	t	TEAM
243	\N	t	PARTICIPANT
244	\N	t	PARTICIPANT
245	\N	t	PARTICIPANT
246	\N	t	TEAM
247	\N	t	PARTICIPANT
248	\N	t	PARTICIPANT
249	\N	t	PARTICIPANT
250	\N	t	TEAM
251	\N	t	PARTICIPANT
252	\N	t	PARTICIPANT
253	\N	t	PARTICIPANT
254	\N	t	TEAM
255	\N	t	PARTICIPANT
256	\N	t	PARTICIPANT
257	\N	t	PARTICIPANT
258	\N	t	TEAM
259	\N	t	PARTICIPANT
260	\N	t	PARTICIPANT
261	\N	t	PARTICIPANT
262	\N	t	TEAM
263	\N	t	PARTICIPANT
264	\N	t	PARTICIPANT
265	\N	t	PARTICIPANT
266	\N	t	TEAM
267	\N	t	PARTICIPANT
268	\N	t	PARTICIPANT
269	\N	t	PARTICIPANT
270	\N	t	TEAM
271	\N	t	PARTICIPANT
272	\N	t	PARTICIPANT
273	\N	t	PARTICIPANT
274	\N	t	TEAM
275	\N	t	PARTICIPANT
276	\N	t	PARTICIPANT
277	\N	t	PARTICIPANT
278	\N	t	TEAM
279	\N	t	PARTICIPANT
280	\N	t	PARTICIPANT
281	\N	t	PARTICIPANT
282	\N	t	TEAM
283	\N	t	PARTICIPANT
284	\N	t	PARTICIPANT
285	\N	t	PARTICIPANT
286	\N	t	TEAM
287	\N	t	PARTICIPANT
288	\N	t	PARTICIPANT
289	\N	t	PARTICIPANT
290	\N	t	TEAM
291	\N	t	PARTICIPANT
292	\N	t	PARTICIPANT
293	\N	t	PARTICIPANT
294	\N	t	TEAM
295	\N	t	PARTICIPANT
296	\N	t	PARTICIPANT
297	\N	t	PARTICIPANT
298	\N	t	TEAM
299	\N	t	PARTICIPANT
300	\N	t	PARTICIPANT
301	\N	t	PARTICIPANT
302	\N	t	TEAM
303	\N	t	PARTICIPANT
304	\N	t	PARTICIPANT
305	\N	t	PARTICIPANT
306	\N	t	TEAM
307	\N	t	PARTICIPANT
308	\N	t	PARTICIPANT
309	\N	t	PARTICIPANT
310	\N	t	TEAM
311	\N	t	PARTICIPANT
312	\N	t	PARTICIPANT
313	\N	t	PARTICIPANT
314	\N	t	TEAM
315	\N	t	PARTICIPANT
316	\N	t	PARTICIPANT
317	\N	t	PARTICIPANT
318	\N	t	TEAM
319	\N	t	PARTICIPANT
320	\N	t	PARTICIPANT
321	\N	t	PARTICIPANT
322	\N	t	TEAM
323	\N	t	PARTICIPANT
324	\N	t	PARTICIPANT
325	\N	t	PARTICIPANT
326	\N	t	TEAM
327	\N	t	PARTICIPANT
328	\N	t	PARTICIPANT
329	\N	t	PARTICIPANT
330	\N	t	TEAM
331	\N	t	PARTICIPANT
332	\N	t	PARTICIPANT
333	\N	t	PARTICIPANT
334	\N	t	TEAM
335	\N	t	PARTICIPANT
336	\N	t	PARTICIPANT
337	\N	t	PARTICIPANT
338	\N	t	TEAM
339	\N	t	PARTICIPANT
340	\N	t	PARTICIPANT
341	\N	t	PARTICIPANT
342	\N	t	TEAM
343	\N	t	PARTICIPANT
344	\N	t	PARTICIPANT
345	\N	t	PARTICIPANT
346	\N	t	TEAM
347	\N	t	PARTICIPANT
348	\N	t	PARTICIPANT
349	\N	t	PARTICIPANT
350	\N	t	TEAM
351	\N	t	PARTICIPANT
352	\N	t	PARTICIPANT
353	\N	t	PARTICIPANT
354	\N	t	TEAM
355	\N	t	PARTICIPANT
356	\N	t	PARTICIPANT
357	\N	t	PARTICIPANT
358	\N	t	TEAM
359	\N	t	PARTICIPANT
360	\N	t	PARTICIPANT
361	\N	t	PARTICIPANT
362	\N	t	TEAM
363	\N	t	PARTICIPANT
364	\N	t	PARTICIPANT
365	\N	t	PARTICIPANT
366	\N	t	TEAM
367	\N	t	PARTICIPANT
368	\N	t	PARTICIPANT
369	\N	t	PARTICIPANT
370	\N	t	TEAM
371	\N	t	PARTICIPANT
372	\N	t	PARTICIPANT
373	\N	t	PARTICIPANT
374	\N	t	TEAM
375	\N	t	PARTICIPANT
376	\N	t	PARTICIPANT
377	\N	t	PARTICIPANT
378	\N	t	TEAM
379	\N	t	PARTICIPANT
380	\N	t	PARTICIPANT
381	\N	t	PARTICIPANT
382	\N	t	TEAM
383	\N	t	PARTICIPANT
384	\N	t	PARTICIPANT
385	\N	t	PARTICIPANT
386	\N	t	TEAM
387	\N	t	PARTICIPANT
388	\N	t	PARTICIPANT
389	\N	t	PARTICIPANT
390	\N	t	TEAM
391	\N	t	PARTICIPANT
392	\N	t	PARTICIPANT
393	\N	t	PARTICIPANT
394	\N	t	TEAM
395	\N	t	PARTICIPANT
396	\N	t	PARTICIPANT
397	\N	t	PARTICIPANT
398	\N	t	TEAM
399	\N	t	PARTICIPANT
400	\N	t	PARTICIPANT
401	\N	t	PARTICIPANT
402	\N	t	TEAM
403	\N	t	PARTICIPANT
404	\N	t	PARTICIPANT
405	\N	t	PARTICIPANT
406	\N	t	TEAM
407	\N	t	PARTICIPANT
408	\N	t	PARTICIPANT
409	\N	t	PARTICIPANT
410	\N	t	TEAM
411	\N	t	PARTICIPANT
412	\N	t	PARTICIPANT
413	\N	t	PARTICIPANT
414	\N	t	TEAM
415	\N	t	PARTICIPANT
416	\N	t	PARTICIPANT
417	\N	t	PARTICIPANT
418	\N	t	TEAM
419	\N	t	PARTICIPANT
420	\N	t	PARTICIPANT
421	\N	t	PARTICIPANT
422	\N	t	TEAM
423	\N	t	PARTICIPANT
424	\N	t	PARTICIPANT
425	\N	t	PARTICIPANT
426	\N	t	TEAM
427	\N	t	PARTICIPANT
428	\N	t	PARTICIPANT
429	\N	t	PARTICIPANT
430	\N	t	TEAM
431	\N	t	PARTICIPANT
432	\N	t	PARTICIPANT
433	\N	t	PARTICIPANT
434	\N	t	TEAM
435	\N	t	PARTICIPANT
436	\N	t	PARTICIPANT
437	\N	t	PARTICIPANT
438	\N	t	TEAM
439	\N	t	PARTICIPANT
440	\N	t	PARTICIPANT
441	\N	t	PARTICIPANT
442	\N	t	TEAM
443	\N	t	PARTICIPANT
444	\N	t	PARTICIPANT
445	\N	t	PARTICIPANT
446	\N	t	TEAM
447	\N	t	PARTICIPANT
448	\N	t	PARTICIPANT
449	\N	t	PARTICIPANT
450	\N	t	TEAM
451	\N	t	PARTICIPANT
452	\N	t	PARTICIPANT
453	\N	t	PARTICIPANT
454	\N	t	TEAM
455	\N	t	PARTICIPANT
456	\N	t	PARTICIPANT
457	\N	t	PARTICIPANT
458	\N	t	TEAM
459	\N	t	PARTICIPANT
460	\N	t	PARTICIPANT
461	\N	t	PARTICIPANT
462	\N	t	TEAM
463	\N	t	PARTICIPANT
464	\N	t	PARTICIPANT
465	\N	t	PARTICIPANT
466	\N	t	TEAM
467	\N	t	PARTICIPANT
468	\N	t	PARTICIPANT
469	\N	t	PARTICIPANT
470	\N	t	TEAM
471	\N	t	PARTICIPANT
472	\N	t	PARTICIPANT
473	\N	t	PARTICIPANT
474	\N	t	TEAM
475	\N	t	PARTICIPANT
476	\N	t	PARTICIPANT
477	\N	t	PARTICIPANT
478	\N	t	TEAM
479	\N	t	PARTICIPANT
480	\N	t	PARTICIPANT
481	\N	t	PARTICIPANT
482	\N	t	TEAM
483	\N	t	PARTICIPANT
484	\N	t	PARTICIPANT
485	\N	t	PARTICIPANT
486	\N	t	TEAM
487	\N	t	PARTICIPANT
488	\N	t	PARTICIPANT
489	\N	t	PARTICIPANT
490	\N	t	TEAM
491	\N	t	PARTICIPANT
492	\N	t	PARTICIPANT
493	\N	t	PARTICIPANT
494	\N	t	TEAM
495	\N	t	PARTICIPANT
496	\N	t	PARTICIPANT
497	\N	t	PARTICIPANT
498	\N	t	TEAM
499	\N	t	PARTICIPANT
500	\N	t	PARTICIPANT
501	\N	t	PARTICIPANT
502	\N	t	TEAM
503	\N	t	PARTICIPANT
504	\N	t	PARTICIPANT
505	\N	t	PARTICIPANT
506	\N	t	TEAM
507	\N	t	PARTICIPANT
508	\N	t	PARTICIPANT
509	\N	t	PARTICIPANT
510	\N	t	TEAM
511	\N	t	PARTICIPANT
512	\N	t	PARTICIPANT
513	\N	t	PARTICIPANT
514	\N	t	TEAM
515	\N	t	PARTICIPANT
516	\N	t	PARTICIPANT
517	\N	t	PARTICIPANT
518	\N	t	TEAM
519	\N	t	PARTICIPANT
520	\N	t	PARTICIPANT
521	\N	t	PARTICIPANT
522	\N	t	TEAM
523	\N	t	PARTICIPANT
524	\N	t	PARTICIPANT
525	\N	t	PARTICIPANT
526	\N	t	TEAM
527	\N	t	PARTICIPANT
528	\N	t	PARTICIPANT
529	\N	t	PARTICIPANT
530	\N	t	TEAM
531	\N	t	PARTICIPANT
532	\N	t	PARTICIPANT
533	\N	t	PARTICIPANT
534	\N	t	TEAM
535	\N	t	PARTICIPANT
536	\N	t	PARTICIPANT
537	\N	t	PARTICIPANT
538	\N	t	TEAM
539	\N	t	PARTICIPANT
540	\N	t	PARTICIPANT
541	\N	t	PARTICIPANT
542	\N	t	TEAM
543	\N	t	PARTICIPANT
544	\N	t	PARTICIPANT
545	\N	t	PARTICIPANT
546	\N	t	TEAM
547	\N	t	PARTICIPANT
548	\N	t	PARTICIPANT
549	\N	t	PARTICIPANT
550	\N	t	TEAM
551	\N	t	PARTICIPANT
552	\N	t	PARTICIPANT
553	\N	t	PARTICIPANT
554	\N	t	TEAM
555	\N	t	PARTICIPANT
556	\N	t	PARTICIPANT
557	\N	t	PARTICIPANT
558	\N	t	TEAM
559	\N	t	PARTICIPANT
560	\N	t	PARTICIPANT
561	\N	t	PARTICIPANT
562	\N	t	TEAM
563	\N	t	PARTICIPANT
564	\N	t	PARTICIPANT
565	\N	t	PARTICIPANT
566	\N	t	TEAM
567	\N	t	PARTICIPANT
568	\N	t	PARTICIPANT
569	\N	t	PARTICIPANT
570	\N	t	TEAM
571	\N	t	PARTICIPANT
572	\N	t	PARTICIPANT
573	\N	t	PARTICIPANT
574	\N	t	TEAM
575	\N	t	PARTICIPANT
576	\N	t	PARTICIPANT
577	\N	t	PARTICIPANT
578	\N	t	TEAM
579	\N	t	PARTICIPANT
580	\N	t	PARTICIPANT
581	\N	t	PARTICIPANT
582	\N	t	TEAM
583	\N	t	PARTICIPANT
584	\N	t	PARTICIPANT
585	\N	t	PARTICIPANT
586	\N	t	TEAM
587	\N	t	PARTICIPANT
588	\N	t	PARTICIPANT
589	\N	t	PARTICIPANT
590	\N	t	TEAM
591	\N	t	PARTICIPANT
592	\N	t	PARTICIPANT
593	\N	t	PARTICIPANT
594	\N	t	TEAM
595	\N	t	PARTICIPANT
596	\N	t	PARTICIPANT
597	\N	t	PARTICIPANT
598	\N	t	TEAM
599	\N	t	PARTICIPANT
600	\N	t	PARTICIPANT
601	\N	t	PARTICIPANT
602	\N	t	TEAM
603	\N	t	PARTICIPANT
604	\N	t	PARTICIPANT
605	\N	t	PARTICIPANT
606	\N	t	TEAM
607	\N	t	PARTICIPANT
608	\N	t	PARTICIPANT
609	\N	t	PARTICIPANT
610	\N	t	TEAM
611	\N	t	PARTICIPANT
612	\N	t	PARTICIPANT
613	\N	t	PARTICIPANT
614	\N	t	TEAM
615	\N	t	PARTICIPANT
616	\N	t	PARTICIPANT
617	\N	t	PARTICIPANT
618	\N	t	TEAM
619	\N	t	PARTICIPANT
620	\N	t	PARTICIPANT
621	\N	t	PARTICIPANT
622	\N	t	TEAM
623	\N	t	PARTICIPANT
624	\N	t	PARTICIPANT
625	\N	t	PARTICIPANT
626	\N	t	TEAM
627	\N	t	PARTICIPANT
628	\N	t	PARTICIPANT
629	\N	t	PARTICIPANT
630	\N	t	TEAM
631	\N	t	PARTICIPANT
632	\N	t	PARTICIPANT
633	\N	t	PARTICIPANT
634	\N	t	TEAM
635	\N	t	PARTICIPANT
636	\N	t	PARTICIPANT
637	\N	t	PARTICIPANT
638	\N	t	TEAM
639	\N	t	PARTICIPANT
640	\N	t	PARTICIPANT
641	\N	t	PARTICIPANT
642	\N	t	TEAM
643	\N	t	PARTICIPANT
644	\N	t	PARTICIPANT
645	\N	t	PARTICIPANT
646	\N	t	TEAM
647	\N	t	PARTICIPANT
648	\N	t	PARTICIPANT
649	\N	t	PARTICIPANT
650	\N	t	TEAM
651	\N	t	PARTICIPANT
652	\N	t	PARTICIPANT
653	\N	t	PARTICIPANT
654	\N	t	TEAM
655	\N	t	PARTICIPANT
656	\N	t	PARTICIPANT
657	\N	t	PARTICIPANT
658	\N	t	TEAM
659	\N	t	PARTICIPANT
660	\N	t	PARTICIPANT
661	\N	t	PARTICIPANT
662	\N	t	TEAM
663	\N	t	PARTICIPANT
664	\N	t	PARTICIPANT
665	\N	t	PARTICIPANT
666	\N	t	TEAM
667	\N	t	PARTICIPANT
668	\N	t	PARTICIPANT
669	\N	t	PARTICIPANT
670	\N	t	TEAM
671	\N	t	PARTICIPANT
672	\N	t	PARTICIPANT
673	\N	t	PARTICIPANT
674	\N	t	TEAM
675	\N	t	PARTICIPANT
676	\N	t	PARTICIPANT
677	\N	t	PARTICIPANT
678	\N	t	TEAM
679	\N	t	PARTICIPANT
680	\N	t	PARTICIPANT
681	\N	t	PARTICIPANT
682	\N	t	TEAM
683	\N	t	PARTICIPANT
684	\N	t	PARTICIPANT
685	\N	t	PARTICIPANT
686	\N	t	TEAM
687	\N	t	PARTICIPANT
688	\N	t	PARTICIPANT
689	\N	t	PARTICIPANT
690	\N	t	TEAM
691	\N	t	PARTICIPANT
692	\N	t	PARTICIPANT
693	\N	t	PARTICIPANT
694	\N	t	TEAM
695	\N	t	PARTICIPANT
696	\N	t	PARTICIPANT
697	\N	t	PARTICIPANT
698	\N	t	TEAM
699	\N	t	PARTICIPANT
700	\N	t	PARTICIPANT
701	\N	t	PARTICIPANT
702	\N	t	TEAM
703	\N	t	PARTICIPANT
704	\N	t	PARTICIPANT
705	\N	t	PARTICIPANT
706	\N	t	TEAM
707	\N	t	PARTICIPANT
708	\N	t	PARTICIPANT
709	\N	t	PARTICIPANT
710	\N	t	TEAM
711	\N	t	PARTICIPANT
712	\N	t	PARTICIPANT
713	\N	t	PARTICIPANT
714	\N	t	TEAM
715	\N	t	PARTICIPANT
716	\N	t	PARTICIPANT
717	\N	t	PARTICIPANT
718	\N	t	TEAM
719	\N	t	PARTICIPANT
720	\N	t	PARTICIPANT
721	\N	t	PARTICIPANT
722	\N	t	TEAM
723	\N	t	PARTICIPANT
724	\N	t	PARTICIPANT
725	\N	t	PARTICIPANT
726	\N	t	TEAM
727	\N	t	PARTICIPANT
728	\N	t	PARTICIPANT
729	\N	t	PARTICIPANT
730	\N	t	TEAM
731	\N	t	PARTICIPANT
732	\N	t	PARTICIPANT
733	\N	t	PARTICIPANT
734	\N	t	TEAM
735	\N	t	PARTICIPANT
736	\N	t	PARTICIPANT
737	\N	t	PARTICIPANT
738	\N	t	TEAM
739	\N	t	PARTICIPANT
740	\N	t	PARTICIPANT
741	\N	t	PARTICIPANT
742	\N	t	TEAM
743	\N	t	PARTICIPANT
744	\N	t	PARTICIPANT
745	\N	t	PARTICIPANT
746	\N	t	TEAM
747	\N	t	PARTICIPANT
748	\N	t	PARTICIPANT
749	\N	t	PARTICIPANT
750	\N	t	TEAM
751	\N	t	PARTICIPANT
752	\N	t	PARTICIPANT
753	\N	t	PARTICIPANT
754	\N	t	TEAM
755	\N	t	PARTICIPANT
756	\N	t	PARTICIPANT
757	\N	t	PARTICIPANT
758	\N	t	TEAM
759	\N	t	PARTICIPANT
760	\N	t	PARTICIPANT
761	\N	t	PARTICIPANT
762	\N	t	TEAM
763	\N	t	PARTICIPANT
764	\N	t	PARTICIPANT
765	\N	t	PARTICIPANT
766	\N	t	TEAM
767	\N	t	PARTICIPANT
768	\N	t	PARTICIPANT
769	\N	t	PARTICIPANT
770	\N	t	TEAM
771	\N	t	PARTICIPANT
772	\N	t	PARTICIPANT
773	\N	t	PARTICIPANT
774	\N	t	TEAM
775	\N	t	PARTICIPANT
776	\N	t	PARTICIPANT
777	\N	t	PARTICIPANT
778	\N	t	TEAM
779	\N	t	PARTICIPANT
780	\N	t	PARTICIPANT
781	\N	t	PARTICIPANT
782	\N	t	TEAM
783	\N	t	PARTICIPANT
784	\N	t	PARTICIPANT
785	\N	t	PARTICIPANT
786	\N	t	TEAM
787	\N	t	PARTICIPANT
788	\N	t	PARTICIPANT
789	\N	t	PARTICIPANT
790	\N	t	TEAM
791	\N	t	PARTICIPANT
792	\N	t	PARTICIPANT
793	\N	t	PARTICIPANT
794	\N	t	TEAM
795	\N	t	PARTICIPANT
796	\N	t	PARTICIPANT
797	\N	t	PARTICIPANT
798	\N	t	TEAM
799	\N	t	PARTICIPANT
800	\N	t	PARTICIPANT
801	\N	t	PARTICIPANT
802	\N	t	TEAM
803	\N	t	PARTICIPANT
804	\N	t	PARTICIPANT
805	\N	t	PARTICIPANT
806	\N	t	TEAM
807	\N	t	PARTICIPANT
808	\N	t	PARTICIPANT
809	\N	t	PARTICIPANT
810	\N	t	TEAM
811	\N	t	PARTICIPANT
812	\N	t	PARTICIPANT
813	\N	t	PARTICIPANT
814	\N	t	TEAM
815	\N	t	PARTICIPANT
816	\N	t	PARTICIPANT
817	\N	t	PARTICIPANT
818	\N	t	TEAM
819	\N	t	PARTICIPANT
820	\N	t	PARTICIPANT
821	\N	t	PARTICIPANT
822	\N	t	TEAM
823	\N	t	PARTICIPANT
824	\N	t	PARTICIPANT
825	\N	t	PARTICIPANT
826	\N	t	TEAM
827	\N	t	PARTICIPANT
828	\N	t	PARTICIPANT
829	\N	t	PARTICIPANT
830	\N	t	TEAM
831	\N	t	PARTICIPANT
832	\N	t	PARTICIPANT
833	\N	t	PARTICIPANT
834	\N	t	TEAM
835	\N	t	PARTICIPANT
836	\N	t	PARTICIPANT
837	\N	t	PARTICIPANT
838	\N	t	TEAM
839	\N	t	PARTICIPANT
840	\N	t	PARTICIPANT
841	\N	t	PARTICIPANT
842	\N	t	TEAM
843	\N	t	PARTICIPANT
844	\N	t	PARTICIPANT
845	\N	t	PARTICIPANT
846	\N	t	TEAM
847	\N	t	PARTICIPANT
848	\N	t	PARTICIPANT
849	\N	t	PARTICIPANT
850	\N	t	TEAM
851	\N	t	PARTICIPANT
852	\N	t	PARTICIPANT
853	\N	t	PARTICIPANT
854	\N	t	TEAM
855	\N	t	PARTICIPANT
856	\N	t	PARTICIPANT
857	\N	t	PARTICIPANT
858	\N	t	TEAM
859	\N	t	PARTICIPANT
860	\N	t	PARTICIPANT
861	\N	t	PARTICIPANT
862	\N	t	TEAM
863	\N	t	PARTICIPANT
864	\N	t	PARTICIPANT
865	\N	t	PARTICIPANT
866	\N	t	TEAM
867	\N	t	PARTICIPANT
868	\N	t	PARTICIPANT
869	\N	t	PARTICIPANT
870	\N	t	TEAM
871	\N	t	PARTICIPANT
872	\N	t	PARTICIPANT
873	\N	t	PARTICIPANT
874	\N	t	TEAM
875	\N	t	PARTICIPANT
876	\N	t	PARTICIPANT
877	\N	t	PARTICIPANT
878	\N	t	TEAM
879	\N	t	PARTICIPANT
880	\N	t	PARTICIPANT
881	\N	t	PARTICIPANT
882	\N	t	TEAM
883	\N	t	PARTICIPANT
884	\N	t	PARTICIPANT
885	\N	t	PARTICIPANT
886	\N	t	TEAM
887	\N	t	PARTICIPANT
888	\N	t	PARTICIPANT
889	\N	t	PARTICIPANT
890	\N	t	TEAM
891	\N	t	PARTICIPANT
892	\N	t	PARTICIPANT
893	\N	t	PARTICIPANT
894	\N	t	TEAM
895	\N	t	PARTICIPANT
896	\N	t	PARTICIPANT
897	\N	t	PARTICIPANT
898	\N	t	TEAM
899	\N	t	PARTICIPANT
900	\N	t	PARTICIPANT
901	\N	t	PARTICIPANT
902	\N	t	TEAM
903	\N	t	PARTICIPANT
904	\N	t	PARTICIPANT
905	\N	t	PARTICIPANT
906	\N	t	TEAM
907	\N	t	PARTICIPANT
908	\N	t	PARTICIPANT
909	\N	t	PARTICIPANT
910	\N	t	TEAM
911	\N	t	PARTICIPANT
912	\N	t	PARTICIPANT
913	\N	t	PARTICIPANT
914	\N	t	PARTICIPANT
915	\N	t	TEAM
\.


--
-- Data for Name: accounts_participant; Type: TABLE DATA; Schema: public; Owner: workshop
--

COPY public.accounts_participant (player_ptr_id, member_id) FROM stdin;
1	3
3	4
4	5
5	6
7	7
8	8
9	9
11	10
12	11
13	12
15	13
16	14
17	15
19	16
20	17
21	18
23	19
24	20
25	21
27	22
28	23
29	24
31	25
32	26
33	27
35	28
36	29
37	30
39	31
40	32
41	33
43	34
44	35
45	36
47	37
48	38
49	39
51	40
52	41
53	42
55	43
56	44
57	45
59	46
60	47
61	48
63	49
64	50
65	51
67	52
68	53
69	54
71	55
72	56
73	57
75	58
76	59
77	60
79	61
80	62
81	63
83	64
84	65
85	66
87	67
88	68
89	69
91	70
92	71
93	72
95	73
96	74
97	75
99	76
100	77
101	78
103	79
104	80
105	81
107	82
108	83
109	84
111	85
112	86
113	87
115	88
116	89
117	90
119	91
120	92
121	93
123	94
124	95
125	96
127	97
128	98
129	99
131	100
132	101
133	102
135	103
136	104
137	105
139	106
140	107
141	108
143	109
144	110
145	111
147	112
148	113
149	114
151	115
152	116
153	117
155	118
156	119
157	120
159	121
160	122
161	123
163	124
164	125
165	126
167	127
168	128
169	129
171	130
172	131
173	132
175	133
176	134
177	135
179	136
180	137
181	138
183	139
184	140
185	141
187	142
188	143
189	144
191	145
192	146
193	147
195	148
196	149
197	150
199	151
200	152
201	153
203	154
204	155
205	156
207	157
208	158
209	159
211	160
212	161
213	162
215	163
216	164
217	165
219	166
220	167
221	168
223	169
224	170
225	171
227	172
228	173
229	174
231	175
232	176
233	177
235	178
236	179
237	180
239	181
240	182
241	183
243	184
244	185
245	186
247	187
248	188
249	189
251	190
252	191
253	192
255	193
256	194
257	195
259	196
260	197
261	198
263	199
264	200
265	201
267	202
268	203
269	204
271	205
272	206
273	207
275	208
276	209
277	210
279	211
280	212
281	213
283	214
284	215
285	216
287	217
288	218
289	219
291	220
292	221
293	222
295	223
296	224
297	225
299	226
300	227
301	228
303	229
304	230
305	231
307	232
308	233
309	234
311	235
312	236
313	237
315	238
316	239
317	240
319	241
320	242
321	243
323	244
324	245
325	246
327	247
328	248
329	249
331	250
332	251
333	252
335	253
336	254
337	255
339	256
340	257
341	258
343	259
344	260
345	261
347	262
348	263
349	264
351	265
352	266
353	267
355	268
356	269
357	270
359	271
360	272
361	273
363	274
364	275
365	276
367	277
368	278
369	279
371	280
372	281
373	282
375	283
376	284
377	285
379	286
380	287
381	288
383	289
384	290
385	291
387	292
388	293
389	294
391	295
392	296
393	297
395	298
396	299
397	300
399	301
400	302
401	303
403	304
404	305
405	306
407	307
408	308
409	309
411	310
412	311
413	312
415	313
416	314
417	315
419	316
420	317
421	318
423	319
424	320
425	321
427	322
428	323
429	324
431	325
432	326
433	327
435	328
436	329
437	330
439	331
440	332
441	333
443	334
444	335
445	336
447	337
448	338
449	339
451	340
452	341
453	342
455	343
456	344
457	345
459	346
460	347
461	348
463	349
464	350
465	351
467	352
468	353
469	354
471	355
472	356
473	357
475	358
476	359
477	360
479	361
480	362
481	363
483	364
484	365
485	366
487	367
488	368
489	369
491	370
492	371
493	372
495	373
496	374
497	375
499	376
500	377
501	378
503	379
504	380
505	381
507	382
508	383
509	384
511	385
512	386
513	387
515	388
516	389
517	390
519	391
520	392
521	393
523	394
524	395
525	396
527	397
528	398
529	399
531	400
532	401
533	402
535	403
536	404
537	405
539	406
540	407
541	408
543	409
544	410
545	411
547	412
548	413
549	414
551	415
552	416
553	417
555	418
556	419
557	420
559	421
560	422
561	423
563	424
564	425
565	426
567	427
568	428
569	429
571	430
572	431
573	432
575	433
576	434
577	435
579	436
580	437
581	438
583	439
584	440
585	441
587	442
588	443
589	444
591	445
592	446
593	447
595	448
596	449
597	450
599	451
600	452
601	453
603	454
604	455
605	456
607	457
608	458
609	459
611	460
612	461
613	462
615	463
616	464
617	465
619	466
620	467
621	468
623	469
624	470
625	471
627	472
628	473
629	474
631	475
632	476
633	477
635	478
636	479
637	480
639	481
640	482
641	483
643	484
644	485
645	486
647	487
648	488
649	489
651	490
652	491
653	492
655	493
656	494
657	495
659	496
660	497
661	498
663	499
664	500
665	501
667	502
668	503
669	504
671	505
672	506
673	507
675	508
676	509
677	510
679	511
680	512
681	513
683	514
684	515
685	516
687	517
688	518
689	519
691	520
692	521
693	522
695	523
696	524
697	525
699	526
700	527
701	528
703	529
704	530
705	531
707	532
708	533
709	534
711	535
712	536
713	537
715	538
716	539
717	540
719	541
720	542
721	543
723	544
724	545
725	546
727	547
728	548
729	549
731	550
732	551
733	552
735	553
736	554
737	555
739	556
740	557
741	558
743	559
744	560
745	561
747	562
748	563
749	564
751	565
752	566
753	567
755	568
756	569
757	570
759	571
760	572
761	573
763	574
764	575
765	576
767	577
768	578
769	579
771	580
772	581
773	582
775	583
776	584
777	585
779	586
780	587
781	588
783	589
784	590
785	591
787	592
788	593
789	594
791	595
792	596
793	597
795	598
796	599
797	600
799	601
800	602
801	603
803	604
804	605
805	606
807	607
808	608
809	609
811	610
812	611
813	612
815	613
816	614
817	615
819	616
820	617
821	618
823	619
824	620
825	621
827	622
828	623
829	624
831	625
832	626
833	627
835	628
836	629
837	630
839	631
840	632
841	633
843	634
844	635
845	636
847	637
848	638
849	639
851	640
852	641
853	642
855	643
856	644
857	645
859	646
860	647
861	648
863	649
864	650
865	651
867	652
868	653
869	654
871	655
872	656
873	657
875	658
876	659
877	660
879	661
880	662
881	663
883	664
884	665
885	666
887	667
888	668
889	669
891	670
892	671
893	672
895	673
896	674
897	675
899	676
900	677
901	678
903	679
904	680
905	681
907	682
908	683
909	684
911	685
912	686
913	687
914	703
\.


--
-- Data for Name: accounts_payment; Type: TABLE DATA; Schema: public; Owner: workshop
--

COPY public.accounts_payment (id, ref_id, amount, authority, status, created_at, uniq_code, user_id) FROM stdin;
\.


--
-- Data for Name: accounts_team; Type: TABLE DATA; Schema: public; Owner: workshop
--

COPY public.accounts_team (player_ptr_id, group_name, team_code, uuid) FROM stdin;
2	 35-2-5948		9d9add1f-bb60-4444-8e0d-b1247bc80e64
6	 35-2-5947		6421c9e4-a2a9-41d0-b6ca-f6e7650c6a76
10	 35-2-5946		070d9217-6968-4c40-8886-d454b013377f
14	 35-2-5945		3f395b7a-54ff-46f9-8636-d910ee638fff
18	 35-2-5944		118f6ccd-6b23-48c6-96b0-9ad11c7d0dea
22	 35-2-5943		b155df29-f5ad-4a3a-86ae-63fc5faebbca
26	 35-1-5942		4bf3700e-613e-4a54-ae5c-aa89411d9b7c
30	 35-1-5941		0f81d32c-bc65-490d-b52f-ab8ce0cf365e
34	 35-1-5940		f8eb1275-b4b2-4b72-ae6f-4720e3502166
38	 35-2-5939		bffc367b-9264-466a-9daa-6ebe4fc636e9
42	 35-2-5938		402a81e4-1844-43f6-9a3b-3b57385c543a
46	 35-1-5937		de60c6da-5322-49c7-b1db-1bcb6ccd8f89
50	 35-1-5936		476e4a67-f176-46b7-a06e-81696df8c709
54	 35-1-5935		a0dfdc53-5815-4e03-8f00-bfdad6209505
58	 35-2-5934		18a19251-13be-4714-84d9-b758e9b9bb80
62	 35-2-5933		07f17642-e889-43b2-999b-8e8d749e63ae
66	 35-1-5932		ec442656-eb40-4d84-b65d-ef6f4ee015a2
70	 35-1-5931		307029d0-0d7e-4f9a-8aab-33445684a72e
74	 35-1-5930		1d850605-5619-4d12-9e6c-846444c69692
78	 35-1-5929		88b1e942-7c48-4b2e-8cec-d9525429459f
82	 35-1-5928		cc59e0cf-03c1-4eff-820d-d273438fedca
86	 35-1-5927		1444a161-f2a6-4f50-b09c-e64994676703
90	 35-2-5926		095a4cef-7755-490e-9102-8ae59d258b0a
94	 35-1-5925		da954362-ccc0-464b-9c6b-7b8870cbd394
98	 35-1-5924		8cd678a8-1a30-43cd-bc1b-649b0ba2da21
102	 35-2-5923		7e4460e6-d415-4b92-80a7-0d0915ccd9fc
106	 35-1-5922		1d1e7ec8-b337-445d-887a-dd098e333b70
110	 35-2-5921		5222ffac-9cc4-41dd-a9cf-32bf3a2ded69
114	 35-2-5920		21f50a7a-7ef0-41f5-89c2-37599b4d0690
118	 35-2-5919		9c6598a8-ecf2-4c5d-b8d6-ee9d97994924
122	 35-2-5918		0984c6ca-077b-4e04-b020-7ebaa8732545
126	 35-2-5917		0d047949-a20a-4778-9b51-496729ff9e63
130	 35-2-5916		8ca93935-7f81-49b0-a045-1c3a2cde469c
134	 35-2-5915		1c0821aa-9531-429a-9254-53e096727bfa
138	 35-2-5914		bd35e975-ffd1-43db-bca4-51828251412f
142	 35-1-5913		f439003a-e83d-4256-905b-c0de343ded91
146	 35-2-5912		fa0c2de9-66c4-409e-9e5f-39d8eb21807a
150	 35-2-5911		d0aca36d-af1b-4fe0-b87e-271742ad7d9b
154	 35-1-5910		94fbf47c-0695-448c-b2df-39ea41ed76c6
158	 35-1-5909		e76dc9e7-a902-4197-8360-f159c9932bfb
162	 35-1-5908		59f75a30-5158-4b49-b0f9-84a0772af1fd
166	 35-1-5907		50b53df8-b445-48f9-8a89-cda5c5d89221
170	 35-1-5906		d214b9e8-d3c8-4e9b-ab7e-9807686f845f
174	 35-1-5905		acb74ecc-3e62-47d9-b85d-bad9ee154aa0
178	 35-1-5904		c4821cd5-87af-4cc3-8497-4aa590b1f701
182	 35-1-5903		e45eaf35-3671-4804-88fa-eec890bc5f8f
186	 35-1-5902		517cbfd9-c2f8-493e-b77d-e828cf1c5585
190	 35-1-5901		6c6e7fdd-c4a6-4643-bfcc-e9c6f4fecfe0
194	 35-1-5900		5455d05d-0d2e-4f67-924e-c9fb39bcc39d
198	 35-1-5899		d500403f-a761-45ba-a156-1a783fbdc0df
202	 35-2-5898		7756b8ab-7916-4f7f-9cc0-1d87ec7d9b8b
206	 35-1-5897		643af6d8-63ad-4d55-b568-348fe01ddff6
210	 35-1-5896		363174eb-2d10-4d4b-8c01-f0b055ae08a8
214	 35-1-5895		d7b86fd8-9c9b-4294-9d29-dd203e1e1983
218	 35-1-5894		0e392514-5dc3-473c-96f0-45a737579c19
222	 35-2-5893		a85a93dd-3063-4b20-9617-cb9ded378f1b
226	 35-2-5892		63c96127-2ebd-4568-a5a5-538ef8596a11
230	 35-1-5891		5f56c504-1e1e-41a0-a5e3-f0d054c946ef
234	 35-1-5890		46238bb3-9b03-4a76-9ca2-97284ede1b57
238	 35-1-5889		66e7846b-4ff1-4dd2-9c7a-85f7b08d67cd
242	 35-1-5888		378ecf9c-9d2a-4499-95bc-615bc32d1e6b
246	 35-1-5887		ad015104-8a93-47b3-9f92-566fb824189d
250	 35-1-5886		b680b4d9-efa7-43ea-af3c-82f3e8ab89b9
254	 35-1-5885		2dba9458-98e5-4368-984f-041da4147f99
258	 35-2-5884		aa6881d0-4e3a-4cc6-a84d-2fb011b95201
262	 35-1-5883		161d81d5-5779-43f5-a7c9-46bc2988d15f
266	 35-1-5882		c3e79d04-cdf8-4378-ad81-ddc5d635c58d
270	 35-1-5881		ce97de36-46c8-4b3a-9561-2df359882e9f
274	 35-1-5880		03ec7365-73c9-47e9-a1db-60a94718bdd8
278	 35-1-5879		38fdfe3e-b5d8-4839-a263-b998c04065f8
282	 35-1-5878		2787976c-4ea4-46e0-9fcb-32b1fbb7dc63
286	 35-1-5877		b6a7e95c-d949-40d5-a382-95d806396a19
290	 35-2-5876		6768de25-9ce5-4b6e-b76c-7f1c9176e8e4
294	 35-1-5875		dd32abef-7eff-4075-b2b0-1608168edaff
298	 35-1-5874		cf8b334b-39a5-459b-a40f-7e382804c6d9
302	 35-1-5873		04000f90-404d-410c-b229-d498be0492c6
306	 35-1-5872		523c17ee-d714-4f4b-b6ad-2a0a3acbaee6
310	 35-2-5871		f4cb8d5a-6c3f-49e3-8aad-64556cbbf809
314	 35-1-5870		ef0f0810-e425-431b-9230-34a7796d34f5
318	 35-1-5869		57facc97-dfcb-4a7b-8de1-9df40d395a4b
322	 35-1-5868		9370009f-23e9-448d-adfa-e754fcc3d060
326	 35-1-5867		f2b19cea-8758-4ac2-a51b-202194e9b422
330	 35-1-5866		66f68a55-ba52-4ab3-bbab-507f750ea752
334	 35-1-5865		f05656fd-443f-4bed-b49d-216c6289b7e3
338	 35-1-5864		59673f49-3b3e-444e-8394-1eee06534da8
342	 35-1-5863		dc7597da-a709-44c3-bf8b-df971e2778ad
346	 35-2-5862		44728f27-aa16-4785-ab05-2909475611f4
350	 35-1-5861		686b8674-d103-48a1-ae46-e45d9abc4b96
354	 35-1-5860		8a8d9e4e-87ba-47e3-921f-1fb4e1333d00
358	 35-1-5859		68e94905-a8f3-46dd-b473-d65233f71f74
362	 35-2-5858		09a8262e-bd0c-4de6-a622-b4f05f1079d5
366	 35-1-5857		8dca3839-2561-40d9-b8c3-eeea4446cf83
370	 35-1-5856		2c8ee658-d7cd-4f46-8927-343e4a73f9d5
374	 35-2-5855		bb85da3d-3b42-4c71-81d4-489087fb42c9
378	 35-2-5854		f759b868-9d65-4562-acfe-49868b85ef7e
382	 35-1-5853		8339348b-48a7-4c09-a530-a1b96a0f4123
386	 35-1-5852		009b178c-f477-4d92-b1a1-0572583a406e
390	 35-1-5851		cb512c8c-6f57-4faa-a323-baa90c41f47b
394	 35-2-5850		6bf7d102-632e-4b38-a7ee-4c2bb3b67547
398	 35-1-5849		6fb58c16-1a01-4e60-9e5a-a920aee95929
402	 35-1-5848		2599ba99-5932-4a47-a7ba-cac34f272c68
406	 35-1-5847		f5db5671-9f3b-4529-966d-34ba8f75fb71
410	 35-1-5846		3361e80d-3d45-4297-a817-2b3f1280e846
414	 35-1-5845		2dc347bc-2275-4c42-885c-b1aed163769e
418	 35-2-5844		6d333981-40e6-42ae-9af9-4f7d6ece7da5
422	 35-2-5843		d04f34c3-1fe1-4e61-9b40-e7cccfde4021
426	 35-1-5842		e751b52c-3c03-46cf-8270-d68bd464851a
430	 35-2-5841		4921af06-da1e-4d02-94ff-985387fd6710
434	 35-2-5840		4bb78491-8864-4c04-abb7-9c38b94db69a
438	 35-2-5839		f2031550-dc56-4777-be47-868b951996bd
442	 35-2-5838		970aeeef-248c-4253-8d1e-d46c6a6d58d6
446	 35-2-5837		6b5bec77-f55d-4095-a15d-1e62f0eee8a3
450	 35-2-5836		7b39ccf2-ef13-40c5-8b2b-4b7f923bee64
454	 35-2-5835		cd6c1381-a8ef-414f-b8b1-1f364bcd5efc
458	 35-2-5834		06a98e10-4bec-414c-a5fb-c9a1e513e04c
462	 35-1-5833		0923b750-bd78-46d4-b3a9-e38b2cd59795
466	 35-2-5832		1be9cb38-5232-4765-871c-80eabeef4ddd
470	 35-2-5831		ca729acc-f4ec-420f-ab93-676bcd1a9810
474	 35-1-5830		97149319-08c3-45bc-88ba-2be965b53478
478	 35-2-5829		82ef7b9f-4904-41dd-ab33-7daad6434974
482	 35-2-5828		7384c34a-8282-49a9-922d-1c8122db773b
486	 35-1-5827		26c46d27-a1e9-4c5f-b164-35f038d214b3
490	 35-2-5826		0077531a-4a45-4ef8-9c2a-0081c0af08c4
494	 35-1-5825		ef8b25a3-c13f-4736-91fb-a5759be6e7a4
498	 35-2-5824		abc6b1b6-52e8-4984-a747-2c97ddc5a4c9
502	 35-1-5823		c7d2e83a-bfb6-443c-89ce-2d2e3350d0e2
506	 35-1-5822		1b0940be-69a8-4b28-99d6-74b85d91430c
510	 35-1-5821		06c35789-f2b8-460a-ab34-62cea1bbbf52
514	 35-1-5820		1e4a1e5e-0135-4e38-89e4-6ae6950fe1cc
518	 35-2-5819		3bb6e5a7-d48d-4fd3-8d4d-17c72276fe11
522	 35-2-5818		eb069903-b90d-4943-be30-776fbd8ed98e
526	 35-2-5817		43f92c54-2ae5-45b2-8daa-4b9a720d996c
530	 35-2-5816		b8949a40-b2ab-4b4e-a430-ab45bea61e0e
534	 35-1-5815		50f30f04-1251-413d-9982-5cbbbac11166
538	 35-1-5814		216eac14-9850-46ad-bf27-08b92cd763ec
542	 35-1-5813		5e8269e4-889e-498a-9079-1b75d5340dd3
546	 35-1-5812		6cf8b691-eee7-48ab-8a63-4ba971206c22
550	 35-1-5811		4eddf928-65f2-487d-b014-5ba717cfcd13
554	 35-2-5810		92262b53-2d65-4002-8bb8-5587982faa4e
558	 35-2-5809		598de876-64e4-4729-929a-498a428ee171
562	 35-1-5808		697ae4e5-6d1b-4b51-9ba8-a06935a9fca2
566	 35-1-5807		cfae301a-b000-4b56-8577-cfe644ffc9af
570	 35-1-5806		0a068799-36d3-4f50-bb65-707b103c35bc
574	 35-2-5805		19f40215-a46c-46d5-9400-37c1c6abda40
578	 35-1-5804		9b0f3a6f-53bf-4de8-bb6c-090a20bf040f
582	 35-2-5803		dd56d398-6d9d-4223-ad5d-2681fd862c6e
586	 35-2-5802		de05ea1d-80ee-4a55-84e6-4fe1887f7a67
590	 35-2-5801		1e6eb6a1-eb87-429b-bdc0-9ba2bdd5f63a
594	 35-1-5800		3bdee143-56ed-4771-887d-0dab086a8d21
598	 35-1-5799		bb21f582-084c-4234-90aa-8b30537c7ec5
602	 35-2-5798		b25cf9b9-c55f-4b1e-b8bd-b24f991e9f71
606	 35-1-5797		65c4103a-62bb-483a-97f8-6483d23522bc
610	 35-1-5796		0c1f7ce9-c497-4824-a913-c1ed4e2e112d
614	 35-1-5795		946c7056-cac8-4a8c-a37b-e5d42e30f181
618	 35-2-5794		a60df41c-12b4-4f52-b3e7-67c0e43c98b9
622	 35-1-5793		1e3944b6-a326-4ef5-8644-7c122c50fee3
626	 35-1-5792		0bd09b95-6d79-45d7-8ad8-4aa52550442f
630	 35-1-5791		fb7f35eb-a2b7-44ad-91ed-56100976b7fd
634	 35-2-5790		4ecc365d-fe80-4d6b-88a6-52ffa76f7808
638	 35-1-5789		52dad14a-052e-4c6b-ae8a-4a7a43c8b698
642	 35-1-5788		7f9eb076-9edc-4025-ab33-b0ecc70a9170
646	 35-1-5787		69f2fc9a-22a6-49db-85f4-a89f124dbdf8
650	 35-1-5786		f4ce4532-d029-4ba3-852a-ca0135c387ff
654	 35-2-5785		ec6d861f-75a9-481a-833d-c926709264a4
658	 35-1-5784		87ce0067-edd9-4ea3-86c3-2f7dafec605e
662	 35-1-5783		7fb17606-3e05-486e-b8c0-a3cc046aec4b
666	 35-1-5782		5a657143-d1c9-4b9a-a481-35d4c206c29f
670	 35-1-5781		4687d389-279e-4d2b-bc24-ea4865f37b21
674	 35-1-5780		0cbf5a81-1696-4a28-a60c-f162cd8c0471
678	 35-2-5779		0e4b1a29-4ea4-4d2c-920e-2c6ec156e766
682	 35-1-5778		d45a3e0d-4f90-4a8d-aca4-3ed73b3dcd59
686	 35-1-5777		3c6b2882-d37e-4b45-a576-817c65c76505
690	 35-1-5776		de1f41da-1ac9-4ac8-b2c7-5bc0966293e5
694	 35-1-5775		ad5b0558-9085-449b-b276-3ced4b6de873
698	 35-2-5774		95bc4f5f-e279-493c-990d-894e4d0d7401
702	 35-1-5773		53dd76c5-a91d-4ecc-8af2-afe8994b5eb8
706	 35-2-5772		4e9a6f31-e8e6-4b50-9802-0719ec98b8c0
710	 35-1-5771		58d4b7c4-f3a5-4d47-bcfe-6ac2bea3dc25
714	 35-1-5770		fff9cd59-9ee8-4562-8b4b-90e122af6dab
718	 35-1-5768		e792d370-89e7-476b-b675-0859eece5a8e
722	 35-1-5767		9cbfa660-8c46-4efb-98c9-582838c55947
726	 35-1-5766		21bd0f00-12e5-48b8-8b82-01a823b26c21
730	 35-2-5765		1cfaa0e8-d514-4492-ba14-0d120fea6855
734	 35-2-5764		ca88cd34-1fb9-457a-bd6d-259a6d6b79c8
738	 35-2-5763		da573215-27c0-4450-b936-0ac4b4166f71
742	 35-1-5762		eb1090bc-aeb9-4abc-8d94-e45ae48c0ee0
746	 35-1-5761		f6d2bf69-1e48-4210-a5e3-9721b8d3dd48
750	 35-1-5760		26e0f5df-9484-4f78-abd3-92deab4f8dcb
754	 35-1-5759		8fb460ed-5f93-4a32-92d3-fb473854aad1
758	 35-1-5758		2abf9afc-1e26-46cc-b011-5d63e542ec6f
762	 35-2-5757		5a9042c6-6a81-4cc3-88a6-7b0c63e8b463
766	 35-2-5756		ae23275b-8964-4af3-a390-e612f69d3556
770	 35-1-5755		d91b857a-1cc1-4c5c-8ef9-67274dfe5693
774	 35-1-5754		f6322303-e3b1-48d4-b307-2acc2937434f
778	 35-1-5752		f7716ba7-4fb3-4cd5-97a1-21b9f57a86d6
782	 35-2-5751		67206440-3c05-458b-b6e2-b82eb40af4cd
786	 35-2-5750		73bea390-c1dd-4349-b1ad-ea8276f22f6a
790	 35-1-5749		72102a82-ad31-4c49-a46f-81a71ef751c5
794	 35-1-5748		5627b383-af25-4c4e-9b64-d2f6baa390de
798	 35-1-5747		1cb6b7ee-f433-4277-81d6-605e021096ea
802	 35-1-5746		d15d8ea3-d343-4dbd-86a2-3548642f2a85
806	 35-1-5745		24321f0a-f4d4-4700-b2d9-3c64ff18325e
810	 35-1-5744		35eb52fd-9ae8-4ee1-9229-4f88747f01bd
814	 35-1-5743		58d1e879-54eb-46a9-bda4-b957e28e518c
818	 35-1-5742		3be6750e-43fd-4b46-b1d6-0960751c2e04
822	 35-1-5741		5f1bd492-3293-4a40-99f8-a76ec96425e6
826	 35-1-5740		f38bf8ca-6347-4533-a73c-f44d2941fd37
830	 35-2-5739		0575d771-124e-4638-a90b-1685fd6778e4
834	 35-1-5738		e61491a7-463e-4e05-938e-30105361cb17
838	 35-1-5737		0a684c50-015b-4803-95e0-d5ba2e32a821
842	 35-1-5736		f058314f-4f1d-4c06-be67-e987cc851d9c
846	 35-1-5735		4ca39ab3-de46-4912-8e33-b332b9b48fc1
850	 35-2-5734		d21af75b-5afd-46c5-9955-58aca3b4a12d
854	 35-1-5733		5b28415c-ed7e-4992-b3ed-e931138c9f88
858	 35-1-5732		5e9248fe-556f-446f-bcfa-8b2a545f974e
862	 35-1-5731		0428041d-6ec2-4b42-9f99-5568fea176a3
866	 35-1-5730		afe8053c-6b39-4038-b1e5-ca1d2c4ed6e7
870	 35-1-5729		30928b5e-8a02-46c2-9d08-ab803a1b8536
874	 35-2-5728		45e4d6fa-5072-41f8-ad5b-54c875066f50
878	 35-1-5727		b9cee006-824b-4740-b168-b6b6bf00de09
882	 35-1-5726		c8eabd97-fe51-4578-9d84-945e1339cf57
886	 35-1-5725		d67a25d4-564d-408d-b72d-cef17e1d6f0a
890	 35-2-5724		be242df9-7b21-4db1-80c1-401b72c3c9fb
894	 35-1-5723		dff9c73a-9922-4c95-950f-d57ab75d1e71
898	 35-1-5722		e58aca14-bb9b-4859-9d7c-aa9872924756
902	 35-1-5721		e672a2e2-14f9-4974-b2c4-5a8db093f373
906	 35-2-5720		b8eb6dac-1c25-4546-86f5-c8ad47aeb799
910	 35-1-5719		7b4faf0f-372b-4436-b5de-15fc9b1a2dea
915	test_group	test_group	b0a2ae9f-3b8b-44fd-8977-65d813aeb986
\.


--
-- Data for Name: accounts_team_team_members; Type: TABLE DATA; Schema: public; Owner: workshop
--

COPY public.accounts_team_team_members (id, team_id, participant_id) FROM stdin;
1	2	4
2	2	5
3	2	6
4	6	7
5	6	8
6	6	9
7	10	10
8	10	11
9	10	12
10	14	13
11	14	14
12	14	15
13	18	16
14	18	17
15	18	18
16	22	19
17	22	20
18	22	21
19	26	22
20	26	23
21	26	24
22	30	25
23	30	26
24	30	27
25	34	28
26	34	29
27	34	30
28	38	31
29	38	32
30	38	33
31	42	34
32	42	35
33	42	36
34	46	37
35	46	38
36	46	39
37	50	40
38	50	41
39	50	42
40	54	43
41	54	44
42	54	45
43	58	46
44	58	47
45	58	48
46	62	49
47	62	50
48	62	51
49	66	52
50	66	53
51	66	54
52	70	55
53	70	56
54	70	57
55	74	58
56	74	59
57	74	60
58	78	61
59	78	62
60	78	63
61	82	64
62	82	65
63	82	66
64	86	67
65	86	68
66	86	69
67	90	70
68	90	71
69	90	72
70	94	73
71	94	74
72	94	75
73	98	76
74	98	77
75	98	78
76	102	79
77	102	80
78	102	81
79	106	82
80	106	83
81	106	84
82	110	85
83	110	86
84	110	87
85	114	88
86	114	89
87	114	90
88	118	91
89	118	92
90	118	93
91	122	94
92	122	95
93	122	96
94	126	97
95	126	98
96	126	99
97	130	100
98	130	101
99	130	102
100	134	103
101	134	104
102	134	105
103	138	106
104	138	107
105	138	108
106	142	109
107	142	110
108	142	111
109	146	112
110	146	113
111	146	114
112	150	115
113	150	116
114	150	117
115	154	118
116	154	119
117	154	120
118	158	121
119	158	122
120	158	123
121	162	124
122	162	125
123	162	126
124	166	127
125	166	128
126	166	129
127	170	130
128	170	131
129	170	132
130	174	133
131	174	134
132	174	135
133	178	136
134	178	137
135	178	138
136	182	139
137	182	140
138	182	141
139	186	142
140	186	143
141	186	144
142	190	145
143	190	146
144	190	147
145	194	148
146	194	149
147	194	150
148	198	151
149	198	152
150	198	153
151	202	154
152	202	155
153	202	156
154	206	157
155	206	158
156	206	159
157	210	160
158	210	161
159	210	162
160	214	163
161	214	164
162	214	165
163	218	166
164	218	167
165	218	168
166	222	169
167	222	170
168	222	171
169	226	172
170	226	173
171	226	174
172	230	175
173	230	176
174	230	177
175	234	178
176	234	179
177	234	180
178	238	181
179	238	182
180	238	183
181	242	184
182	242	185
183	242	186
184	246	187
185	246	188
186	246	189
187	250	190
188	250	191
189	250	192
190	254	193
191	254	194
192	254	195
193	258	196
194	258	197
195	258	198
196	262	199
197	262	200
198	262	201
199	266	202
200	266	203
201	266	204
202	270	205
203	270	206
204	270	207
205	274	208
206	274	209
207	274	210
208	278	211
209	278	212
210	278	213
211	282	214
212	282	215
213	282	216
214	286	217
215	286	218
216	286	219
217	290	220
218	290	221
219	290	222
220	294	223
221	294	224
222	294	225
223	298	226
224	298	227
225	298	228
226	302	229
227	302	230
228	302	231
229	306	232
230	306	233
231	306	234
232	310	235
233	310	236
234	310	237
235	314	238
236	314	239
237	314	240
238	318	241
239	318	242
240	318	243
241	322	244
242	322	245
243	322	246
244	326	247
245	326	248
246	326	249
247	330	250
248	330	251
249	330	252
250	334	253
251	334	254
252	334	255
253	338	256
254	338	257
255	338	258
256	342	259
257	342	260
258	342	261
259	346	262
260	346	263
261	346	264
262	350	265
263	350	266
264	350	267
265	354	268
266	354	269
267	354	270
268	358	271
269	358	272
270	358	273
271	362	274
272	362	275
273	362	276
274	366	277
275	366	278
276	366	279
277	370	280
278	370	281
279	370	282
280	374	283
281	374	284
282	374	285
283	378	286
284	378	287
285	378	288
286	382	289
287	382	290
288	382	291
289	386	292
290	386	293
291	386	294
292	390	295
293	390	296
294	390	297
295	394	298
296	394	299
297	394	300
298	398	301
299	398	302
300	398	303
301	402	304
302	402	305
303	402	306
304	406	307
305	406	308
306	406	309
307	410	310
308	410	311
309	410	312
310	414	313
311	414	314
312	414	315
313	418	316
314	418	317
315	418	318
316	422	319
317	422	320
318	422	321
319	426	322
320	426	323
321	426	324
322	430	325
323	430	326
324	430	327
325	434	328
326	434	329
327	434	330
328	438	331
329	438	332
330	438	333
331	442	334
332	442	335
333	442	336
334	446	337
335	446	338
336	446	339
337	450	340
338	450	341
339	450	342
340	454	343
341	454	344
342	454	345
343	458	346
344	458	347
345	458	348
346	462	349
347	462	350
348	462	351
349	466	352
350	466	353
351	466	354
352	470	355
353	470	356
354	470	357
355	474	358
356	474	359
357	474	360
358	478	361
359	478	362
360	478	363
361	482	364
362	482	365
363	482	366
364	486	367
365	486	368
366	486	369
367	490	370
368	490	371
369	490	372
370	494	373
371	494	374
372	494	375
373	498	376
374	498	377
375	498	378
376	502	379
377	502	380
378	502	381
379	506	382
380	506	383
381	506	384
382	510	385
383	510	386
384	510	387
385	514	388
386	514	389
387	514	390
388	518	391
389	518	392
390	518	393
391	522	394
392	522	395
393	522	396
394	526	397
395	526	398
396	526	399
397	530	400
398	530	401
399	530	402
400	534	403
401	534	404
402	534	405
403	538	406
404	538	407
405	538	408
406	542	409
407	542	410
408	542	411
409	546	412
410	546	413
411	546	414
412	550	415
413	550	416
414	550	417
415	554	418
416	554	419
417	554	420
418	558	421
419	558	422
420	558	423
421	562	424
422	562	425
423	562	426
424	566	427
425	566	428
426	566	429
427	570	430
428	570	431
429	570	432
430	574	433
431	574	434
432	574	435
433	578	436
434	578	437
435	578	438
436	582	439
437	582	440
438	582	441
439	586	442
440	586	443
441	586	444
442	590	445
443	590	446
444	590	447
445	594	448
446	594	449
447	594	450
448	598	451
449	598	452
450	598	453
451	602	454
452	602	455
453	602	456
454	606	457
455	606	458
456	606	459
457	610	460
458	610	461
459	610	462
460	614	463
461	614	464
462	614	465
463	618	466
464	618	467
465	618	468
466	622	469
467	622	470
468	622	471
469	626	472
470	626	473
471	626	474
472	630	475
473	630	476
474	630	477
475	634	478
476	634	479
477	634	480
478	638	481
479	638	482
480	638	483
481	642	484
482	642	485
483	642	486
484	646	487
485	646	488
486	646	489
487	650	490
488	650	491
489	650	492
490	654	493
491	654	494
492	654	495
493	658	496
494	658	497
495	658	498
496	662	499
497	662	500
498	662	501
499	666	502
500	666	503
501	666	504
502	670	505
503	670	506
504	670	507
505	674	508
506	674	509
507	674	510
508	678	511
509	678	512
510	678	513
511	682	514
512	682	515
513	682	516
514	686	517
515	686	518
516	686	519
517	690	520
518	690	521
519	690	522
520	694	523
521	694	524
522	694	525
523	698	526
524	698	527
525	698	528
526	702	529
527	702	530
528	702	531
529	706	532
530	706	533
531	706	534
532	710	535
533	710	536
534	710	537
535	714	538
536	714	539
537	714	540
538	718	541
539	718	542
540	718	543
541	722	544
542	722	545
543	722	546
544	726	547
545	726	548
546	726	549
547	730	550
548	730	551
549	730	552
550	734	553
551	734	554
552	734	555
553	738	556
554	738	557
555	738	558
556	742	559
557	742	560
558	742	561
559	746	562
560	746	563
561	746	564
562	750	565
563	750	566
564	750	567
565	754	568
566	754	569
567	754	570
568	758	571
569	758	572
570	758	573
571	762	574
572	762	575
573	762	576
574	766	577
575	766	578
576	766	579
577	770	580
578	770	581
579	770	582
580	774	583
581	774	584
582	774	585
583	778	586
584	778	587
585	778	588
586	782	589
587	782	590
588	782	591
589	786	592
590	786	593
591	786	594
592	790	595
593	790	596
594	790	597
595	794	598
596	794	599
597	794	600
598	798	601
599	798	602
600	798	603
601	802	604
602	802	605
603	802	606
604	806	607
605	806	608
606	806	609
607	810	610
608	810	611
609	810	612
610	814	613
611	814	614
612	814	615
613	818	616
614	818	617
615	818	618
616	822	619
617	822	620
618	822	621
619	826	622
620	826	623
621	826	624
622	830	625
623	830	626
624	830	627
625	834	628
626	834	629
627	834	630
628	838	631
629	838	632
630	838	633
631	842	634
632	842	635
633	842	636
634	846	637
635	846	638
636	846	639
637	850	640
638	850	641
639	850	642
640	854	643
641	854	644
642	854	645
643	858	646
644	858	647
645	858	648
646	862	649
647	862	650
648	862	651
649	866	652
650	866	653
651	866	654
652	870	655
653	870	656
654	870	657
655	874	658
656	874	659
657	874	660
658	878	661
659	878	662
660	878	663
661	882	664
662	882	665
663	882	666
664	886	667
665	886	668
666	886	669
667	890	670
668	890	671
669	890	672
670	894	673
671	894	674
672	894	675
673	898	676
674	898	677
675	898	678
676	902	679
677	902	680
678	902	681
679	906	682
680	906	683
681	906	684
682	910	685
683	910	686
684	910	687
685	915	3
686	915	703
\.


--
-- Data for Name: auction_onetimeauction; Type: TABLE DATA; Schema: public; Owner: workshop
--

COPY public.auction_onetimeauction (id, auction_pay_type, start_time, winner_id) FROM stdin;
\.


--
-- Data for Name: auction_onetimebidder; Type: TABLE DATA; Schema: public; Owner: workshop
--

COPY public.auction_onetimebidder (id, value, bid, auction_id, participant_id) FROM stdin;
\.


--
-- Data for Name: auth_group; Type: TABLE DATA; Schema: public; Owner: workshop
--

COPY public.auth_group (id, name) FROM stdin;
\.


--
-- Data for Name: django_content_type; Type: TABLE DATA; Schema: public; Owner: workshop
--

COPY public.django_content_type (id, app_label, model) FROM stdin;
1	admin	logentry
2	auth	permission
3	auth	group
4	contenttypes	contenttype
5	sessions	session
6	notifications	notification
7	authtoken	token
8	auction	onetimeauction
9	auction	onetimebidder
10	workshop	contact
11	workshop	message
12	workshop	chat
13	accounts	member
14	accounts	player
15	accounts	participant
16	accounts	mentor
17	accounts	team
18	accounts	payment
19	fsm	answer
20	fsm	fsm
21	fsm	fsmedge
22	fsm	fsmstate
23	fsm	widget
24	fsm	description
25	fsm	game
26	fsm	image
27	fsm	problem
28	fsm	video
29	fsm	ability
30	fsm	problembiganswer
31	fsm	problemmultichoice
32	fsm	problemsmallanswer
33	fsm	problemuploadfileanswer
34	fsm	uploadfileanswer
35	fsm	smallanswer
36	fsm	multichoiceanswer
37	fsm	choice
38	fsm	biganswer
39	fsm	playerworkshop
40	fsm	submittedanswer
41	fsm	playerhistory
42	notice	notice
\.


--
-- Data for Name: auth_permission; Type: TABLE DATA; Schema: public; Owner: workshop
--

COPY public.auth_permission (id, name, content_type_id, codename) FROM stdin;
1	Can add log entry	1	add_logentry
2	Can change log entry	1	change_logentry
3	Can delete log entry	1	delete_logentry
4	Can view log entry	1	view_logentry
5	Can add permission	2	add_permission
6	Can change permission	2	change_permission
7	Can delete permission	2	delete_permission
8	Can view permission	2	view_permission
9	Can add group	3	add_group
10	Can change group	3	change_group
11	Can delete group	3	delete_group
12	Can view group	3	view_group
13	Can add content type	4	add_contenttype
14	Can change content type	4	change_contenttype
15	Can delete content type	4	delete_contenttype
16	Can view content type	4	view_contenttype
17	Can add session	5	add_session
18	Can change session	5	change_session
19	Can delete session	5	delete_session
20	Can view session	5	view_session
21	Can add notification	6	add_notification
22	Can change notification	6	change_notification
23	Can delete notification	6	delete_notification
24	Can view notification	6	view_notification
25	Can add Token	7	add_token
26	Can change Token	7	change_token
27	Can delete Token	7	delete_token
28	Can view Token	7	view_token
29	Can add one time auction	8	add_onetimeauction
30	Can change one time auction	8	change_onetimeauction
31	Can delete one time auction	8	delete_onetimeauction
32	Can view one time auction	8	view_onetimeauction
33	Can add one time bidder	9	add_onetimebidder
34	Can change one time bidder	9	change_onetimebidder
35	Can delete one time bidder	9	delete_onetimebidder
36	Can view one time bidder	9	view_onetimebidder
37	Can add contact	10	add_contact
38	Can change contact	10	change_contact
39	Can delete contact	10	delete_contact
40	Can view contact	10	view_contact
41	Can add message	11	add_message
42	Can change message	11	change_message
43	Can delete message	11	delete_message
44	Can view message	11	view_message
45	Can add chat	12	add_chat
46	Can change chat	12	change_chat
47	Can delete chat	12	delete_chat
48	Can view chat	12	view_chat
49	Can add member	13	add_member
50	Can change member	13	change_member
51	Can delete member	13	delete_member
52	Can view member	13	view_member
53	Can add player	14	add_player
54	Can change player	14	change_player
55	Can delete player	14	delete_player
56	Can view player	14	view_player
57	Can add participant	15	add_participant
58	Can change participant	15	change_participant
59	Can delete participant	15	delete_participant
60	Can view participant	15	view_participant
61	Can add mentor	16	add_mentor
62	Can change mentor	16	change_mentor
63	Can delete mentor	16	delete_mentor
64	Can view mentor	16	view_mentor
65	Can add team	17	add_team
66	Can change team	17	change_team
67	Can delete team	17	delete_team
68	Can view team	17	view_team
69	Can add payment	18	add_payment
70	Can change payment	18	change_payment
71	Can delete payment	18	delete_payment
72	Can view payment	18	view_payment
73	Can add answer	19	add_answer
74	Can change answer	19	change_answer
75	Can delete answer	19	delete_answer
76	Can view answer	19	view_answer
77	Can add fsm	20	add_fsm
78	Can change fsm	20	change_fsm
79	Can delete fsm	20	delete_fsm
80	Can view fsm	20	view_fsm
81	Can add fsm edge	21	add_fsmedge
82	Can change fsm edge	21	change_fsmedge
83	Can delete fsm edge	21	delete_fsmedge
84	Can view fsm edge	21	view_fsmedge
85	Can add fsm state	22	add_fsmstate
86	Can change fsm state	22	change_fsmstate
87	Can delete fsm state	22	delete_fsmstate
88	Can view fsm state	22	view_fsmstate
89	Can add widget	23	add_widget
90	Can change widget	23	change_widget
91	Can delete widget	23	delete_widget
92	Can view widget	23	view_widget
93	Can add description	24	add_description
94	Can change description	24	change_description
95	Can delete description	24	delete_description
96	Can view description	24	view_description
97	Can add game	25	add_game
98	Can change game	25	change_game
99	Can delete game	25	delete_game
100	Can view game	25	view_game
101	Can add image	26	add_image
102	Can change image	26	change_image
103	Can delete image	26	delete_image
104	Can view image	26	view_image
105	Can add problem	27	add_problem
106	Can change problem	27	change_problem
107	Can delete problem	27	delete_problem
108	Can view problem	27	view_problem
109	Can add video	28	add_video
110	Can change video	28	change_video
111	Can delete video	28	delete_video
112	Can view video	28	view_video
113	Can add ability	29	add_ability
114	Can change ability	29	change_ability
115	Can delete ability	29	delete_ability
116	Can view ability	29	view_ability
117	Can add problem big answer	30	add_problembiganswer
118	Can change problem big answer	30	change_problembiganswer
119	Can delete problem big answer	30	delete_problembiganswer
120	Can view problem big answer	30	view_problembiganswer
121	Can add problem multi choice	31	add_problemmultichoice
122	Can change problem multi choice	31	change_problemmultichoice
123	Can delete problem multi choice	31	delete_problemmultichoice
124	Can view problem multi choice	31	view_problemmultichoice
125	Can add problem small answer	32	add_problemsmallanswer
126	Can change problem small answer	32	change_problemsmallanswer
127	Can delete problem small answer	32	delete_problemsmallanswer
128	Can view problem small answer	32	view_problemsmallanswer
129	Can add problem upload file answer	33	add_problemuploadfileanswer
130	Can change problem upload file answer	33	change_problemuploadfileanswer
131	Can delete problem upload file answer	33	delete_problemuploadfileanswer
132	Can view problem upload file answer	33	view_problemuploadfileanswer
133	Can add upload file answer	34	add_uploadfileanswer
134	Can change upload file answer	34	change_uploadfileanswer
135	Can delete upload file answer	34	delete_uploadfileanswer
136	Can view upload file answer	34	view_uploadfileanswer
137	Can add small answer	35	add_smallanswer
138	Can change small answer	35	change_smallanswer
139	Can delete small answer	35	delete_smallanswer
140	Can view small answer	35	view_smallanswer
141	Can add multi choice answer	36	add_multichoiceanswer
142	Can change multi choice answer	36	change_multichoiceanswer
143	Can delete multi choice answer	36	delete_multichoiceanswer
144	Can view multi choice answer	36	view_multichoiceanswer
145	Can add choice	37	add_choice
146	Can change choice	37	change_choice
147	Can delete choice	37	delete_choice
148	Can view choice	37	view_choice
149	Can add big answer	38	add_biganswer
150	Can change big answer	38	change_biganswer
151	Can delete big answer	38	delete_biganswer
152	Can view big answer	38	view_biganswer
153	Can add player workshop	39	add_playerworkshop
154	Can change player workshop	39	change_playerworkshop
155	Can delete player workshop	39	delete_playerworkshop
156	Can view player workshop	39	view_playerworkshop
157	Can add submitted answer	40	add_submittedanswer
158	Can change submitted answer	40	change_submittedanswer
159	Can delete submitted answer	40	delete_submittedanswer
160	Can view submitted answer	40	view_submittedanswer
161	Can add player history	41	add_playerhistory
162	Can change player history	41	change_playerhistory
163	Can delete player history	41	delete_playerhistory
164	Can view player history	41	view_playerhistory
165	Can add notice	42	add_notice
166	Can change notice	42	change_notice
167	Can delete notice	42	delete_notice
168	Can view notice	42	view_notice
\.


--
-- Data for Name: auth_group_permissions; Type: TABLE DATA; Schema: public; Owner: workshop
--

COPY public.auth_group_permissions (id, group_id, permission_id) FROM stdin;
\.


--
-- Data for Name: auth_user_groups; Type: TABLE DATA; Schema: public; Owner: workshop
--

COPY public.auth_user_groups (id, member_id, group_id) FROM stdin;
\.


--
-- Data for Name: auth_user_user_permissions; Type: TABLE DATA; Schema: public; Owner: workshop
--

COPY public.auth_user_user_permissions (id, member_id, permission_id) FROM stdin;
\.


--
-- Data for Name: authtoken_token; Type: TABLE DATA; Schema: public; Owner: workshop
--

COPY public.authtoken_token (key, created, user_id) FROM stdin;
\.


--
-- Data for Name: django_admin_log; Type: TABLE DATA; Schema: public; Owner: workshop
--

COPY public.django_admin_log (id, action_time, object_id, object_repr, action_flag, change_message, content_type_id, user_id) FROM stdin;
1	2020-11-18 08:24:01.396834+00	3	test	1	[{"added": {}}]	13	2
2	2020-11-18 08:24:38.139175+00	3	test	1	[{"added": {}}]	15	2
3	2020-11-19 07:23:38.676482+00	7	تست: شروع	1	[{"added": {}}]	22	2
4	2020-11-19 07:23:43.330685+00	2	تست مسابقه‌ی ای‌-لیمپیاد	1	[{"added": {}}]	20	2
5	2020-11-19 07:24:00.265727+00	7	تست مسابقه‌ی ای‌-لیمپیاد: شروع	2	[{"changed": {"fields": ["Fsm"]}}]	22	2
6	2020-11-19 08:28:15.713169+00	1	PlayerWorkshop object (1)	1	[{"added": {}}]	39	2
7	2020-11-19 08:28:33.50136+00	2	PlayerWorkshop object (2)	1	[{"added": {}}]	39	2
8	2020-11-19 12:25:39.409571+00	3	PlayerWorkshop object (3)	1	[{"added": {}}]	39	2
9	2020-11-19 12:26:22.562466+00	4	PlayerWorkshop object (4)	1	[{"added": {}}]	39	2
10	2020-11-19 12:28:52.202932+00	5	PlayerWorkshop object (5)	1	[{"added": {}}]	39	2
11	2020-11-19 12:59:42.489336+00	1	FSMEdge object (1)	1	[{"added": {}}]	21	2
12	2020-11-19 13:00:14.550866+00	2	FSMEdge object (2)	1	[{"added": {}}]	21	2
13	2020-11-19 13:00:32.060602+00	3	FSMEdge object (3)	1	[{"added": {}}]	21	2
14	2020-11-19 13:00:46.2551+00	4	FSMEdge object (4)	1	[{"added": {}}]	21	2
15	2020-11-19 13:01:03.212648+00	4	FSMEdge object (4)	3		21	2
16	2020-11-19 17:10:27.448118+00	703	test2	1	[{"added": {}}]	13	2
17	2020-11-19 17:14:38.504702+00	701	mentor13	2	[{"changed": {"fields": ["Email address"]}}]	13	2
18	2020-11-19 17:20:35.173503+00	703	test2	1	[{"added": {}}]	15	2
19	2020-11-19 17:20:48.65559+00	915	915-test_group (test, test2, )	1	[{"added": {}}]	17	2
20	2020-11-19 17:46:27.96374+00	919	PlayerWorkshop object (919)	1	[{"added": {}}]	39	2
21	2020-11-19 17:47:28.516162+00	920	PlayerWorkshop object (920)	1	[{"added": {}}]	39	2
22	2020-11-19 17:54:15.471296+00	2	تست مسابقه‌ی ای‌-لیمپیاد	2	[{"changed": {"fields": ["Active"]}}]	20	2
\.


--
-- Data for Name: django_migrations; Type: TABLE DATA; Schema: public; Owner: workshop
--

COPY public.django_migrations (id, app, name, applied) FROM stdin;
1	contenttypes	0001_initial	2020-11-16 22:54:42.053794+00
2	contenttypes	0002_remove_content_type_name	2020-11-16 22:54:42.070912+00
3	auth	0001_initial	2020-11-16 22:54:42.131098+00
4	auth	0002_alter_permission_name_max_length	2020-11-16 22:54:42.202825+00
5	auth	0003_alter_user_email_max_length	2020-11-16 22:54:42.211273+00
6	auth	0004_alter_user_username_opts	2020-11-16 22:54:42.219006+00
7	auth	0005_alter_user_last_login_null	2020-11-16 22:54:42.226789+00
8	auth	0006_require_contenttypes_0002	2020-11-16 22:54:42.229353+00
9	auth	0007_alter_validators_add_error_messages	2020-11-16 22:54:42.248881+00
10	auth	0008_alter_user_username_max_length	2020-11-16 22:54:42.257072+00
11	auth	0009_alter_user_last_name_max_length	2020-11-16 22:54:42.264647+00
12	auth	0010_alter_group_name_max_length	2020-11-16 22:54:42.278216+00
13	auth	0011_update_proxy_permissions	2020-11-16 22:54:42.286187+00
14	accounts	0001_initial	2020-11-16 22:54:42.49232+00
15	fsm	0001_initial	2020-11-16 22:54:43.357462+00
16	fsm	0002_auto_20201108_2256	2020-11-16 22:54:43.718846+00
17	accounts	0002_auto_20201108_2256	2020-11-16 22:54:43.903219+00
18	accounts	0003_member_grade	2020-11-16 22:54:43.915581+00
19	accounts	0004_auto_20201109_1011	2020-11-16 22:54:44.170583+00
20	accounts	0005_player_player_type	2020-11-16 22:54:44.195306+00
21	accounts	0006_auto_20201110_1337	2020-11-16 22:54:44.209357+00
22	accounts	0007_auto_20201113_1915	2020-11-16 22:54:44.266991+00
23	admin	0001_initial	2020-11-16 22:54:44.350364+00
24	admin	0002_logentry_remove_auto_add	2020-11-16 22:54:44.418139+00
25	admin	0003_logentry_add_action_flag_choices	2020-11-16 22:54:44.431176+00
26	auction	0001_initial	2020-11-16 22:54:44.507638+00
27	authtoken	0001_initial	2020-11-16 22:54:44.680365+00
28	authtoken	0002_auto_20160226_1747	2020-11-16 22:54:44.802527+00
29	fsm	0003_auto_20201110_1100	2020-11-16 22:54:44.884943+00
30	fsm	0004_auto_20201111_1348	2020-11-16 22:54:44.983148+00
31	fsm	0005_auto_20201112_2358	2020-11-16 22:54:45.098282+00
32	fsm	0006_auto_20201113_1956	2020-11-16 22:54:45.261392+00
33	fsm	0007_playerworkshop_last_visit	2020-11-16 22:54:45.329539+00
34	notice	0001_initial	2020-11-16 22:54:45.386653+00
35	notice	0002_notice_ispushed	2020-11-16 22:54:45.416604+00
36	notifications	0001_initial	2020-11-16 22:54:45.464073+00
37	notifications	0002_auto_20150224_1134	2020-11-16 22:54:45.540123+00
38	notifications	0003_notification_data	2020-11-16 22:54:45.55519+00
39	notifications	0004_auto_20150826_1508	2020-11-16 22:54:45.570203+00
40	notifications	0005_auto_20160504_1520	2020-11-16 22:54:45.589827+00
41	notifications	0006_indexes	2020-11-16 22:54:45.648619+00
42	notifications	0007_add_timestamp_index	2020-11-16 22:54:45.672885+00
43	notifications	0008_index_together_recipient_unread	2020-11-16 22:54:45.707345+00
44	sessions	0001_initial	2020-11-16 22:54:45.738842+00
45	workshop	0001_initial	2020-11-16 22:54:46.168056+00
46	fsm	0008_auto_20201117_0206	2020-11-18 08:15:02.286237+00
47	fsm	0009_auto_20201119_0130	2020-11-18 22:28:30.701001+00
\.


--
-- Data for Name: django_session; Type: TABLE DATA; Schema: public; Owner: workshop
--

COPY public.django_session (session_key, session_data, expire_date) FROM stdin;
h3ey4pomexfa25swgbd9rhc5wckk7ejc	NzVlMTNmMWM4MzBkODJhNjg2NTE4NWU2ZTYzYzAyM2JlYTA0MDVhNDp7Il9hdXRoX3VzZXJfaWQiOiIyIiwiX2F1dGhfdXNlcl9iYWNrZW5kIjoiZGphbmdvLmNvbnRyaWIuYXV0aC5iYWNrZW5kcy5Nb2RlbEJhY2tlbmQiLCJfYXV0aF91c2VyX2hhc2giOiJjNTM5YjllNzVkZGFjMTNjNzU2NDI2YzY2MTAyZWExM2NkYTFjMzdhIn0=	2020-12-02 08:20:43.611631+00
f9oo5bgfz2i7sjdi76fcw2nvpsjciz06	NzVlMTNmMWM4MzBkODJhNjg2NTE4NWU2ZTYzYzAyM2JlYTA0MDVhNDp7Il9hdXRoX3VzZXJfaWQiOiIyIiwiX2F1dGhfdXNlcl9iYWNrZW5kIjoiZGphbmdvLmNvbnRyaWIuYXV0aC5iYWNrZW5kcy5Nb2RlbEJhY2tlbmQiLCJfYXV0aF91c2VyX2hhc2giOiJjNTM5YjllNzVkZGFjMTNjNzU2NDI2YzY2MTAyZWExM2NkYTFjMzdhIn0=	2020-12-02 16:50:34.599423+00
if6c5qb2warmoitexmesify3up6r5jaa	NzVlMTNmMWM4MzBkODJhNjg2NTE4NWU2ZTYzYzAyM2JlYTA0MDVhNDp7Il9hdXRoX3VzZXJfaWQiOiIyIiwiX2F1dGhfdXNlcl9iYWNrZW5kIjoiZGphbmdvLmNvbnRyaWIuYXV0aC5iYWNrZW5kcy5Nb2RlbEJhY2tlbmQiLCJfYXV0aF91c2VyX2hhc2giOiJjNTM5YjllNzVkZGFjMTNjNzU2NDI2YzY2MTAyZWExM2NkYTFjMzdhIn0=	2020-12-02 21:39:07.309298+00
k5deggqdrydpsd8ux9j7deh3b8ly9p75	NzVlMTNmMWM4MzBkODJhNjg2NTE4NWU2ZTYzYzAyM2JlYTA0MDVhNDp7Il9hdXRoX3VzZXJfaWQiOiIyIiwiX2F1dGhfdXNlcl9iYWNrZW5kIjoiZGphbmdvLmNvbnRyaWIuYXV0aC5iYWNrZW5kcy5Nb2RlbEJhY2tlbmQiLCJfYXV0aF91c2VyX2hhc2giOiJjNTM5YjllNzVkZGFjMTNjNzU2NDI2YzY2MTAyZWExM2NkYTFjMzdhIn0=	2020-12-03 16:58:29.938144+00
\.


--
-- Data for Name: fsm_fsm; Type: TABLE DATA; Schema: public; Owner: workshop
--

COPY public.fsm_fsm (id, name, active, fsm_learning_type, fsm_p_type, first_state_id) FROM stdin;
1	تست	f	noMentor	hybrid	1
3	کارگاه تست اند تو اند	f	noMentor	hybrid	11
2	تست مسابقه‌ی ای‌-لیمپیاد	f	noMentor	hybrid	7
\.


--
-- Data for Name: fsm_fsmstate; Type: TABLE DATA; Schema: public; Owner: workshop
--

COPY public.fsm_fsmstate (id, name, fsm_id) FROM stdin;
1	شروع	1
2	تست	1
3	تست۲	1
4	تست ۳	1
5	تست ۴	1
6	تست۵	1
7	شروع	2
8	قوانین مسابقه	2
9	اعتبارسنجی	2
10	یک سوال ساده	2
11	شروع	3
\.


--
-- Data for Name: fsm_fsmedge; Type: TABLE DATA; Schema: public; Owner: workshop
--

COPY public.fsm_fsmedge (id, priority, text, head_id, tail_id) FROM stdin;
1	1	قوانین مسابقه	8	7
2	1	اعتبارسنجی	9	8
3	1	یک سوال ساده	10	9
\.


--
-- Data for Name: fsm_playerhistory; Type: TABLE DATA; Schema: public; Owner: workshop
--

COPY public.fsm_playerhistory (id, grade, start_time, end_time, edge_id, player_id, state_id) FROM stdin;
\.


--
-- Data for Name: fsm_ability; Type: TABLE DATA; Schema: public; Owner: workshop
--

COPY public.fsm_ability (id, name, value, edge_id, player_history_id) FROM stdin;
\.


--
-- Data for Name: fsm_answer; Type: TABLE DATA; Schema: public; Owner: workshop
--

COPY public.fsm_answer (id, answer_type) FROM stdin;
1	SmallAnswer
2	BigAnswer
3	BigAnswer
11	UploadFileAnswer
12	UploadFileAnswer
\.


--
-- Data for Name: fsm_widget; Type: TABLE DATA; Schema: public; Owner: workshop
--

COPY public.fsm_widget (id, priority, widget_type, state_id) FROM stdin;
1	1	ProblemSmallAnswer	\N
2	1	ProblemBigAnswer	\N
3	1	ProblemBigAnswer	\N
15	1	ProblemUploadFileAnswer	9
17	1	ProblemUploadFileAnswer	9
18	1	ProblemUploadFileAnswer	9
19	1	Description	10
20	1	Description	7
21	1	Video	7
22	1	ProblemUploadFileAnswer	10
23	1	ProblemUploadFileAnswer	1
24	1	Description	8
25	1	Description	8
26	1	Description	8
\.


--
-- Data for Name: fsm_problem; Type: TABLE DATA; Schema: public; Owner: workshop
--

COPY public.fsm_problem (widget_ptr_id, name, text) FROM stdin;
1	\N	<p>بنظرتون ۲ * ۲ چند می&zwnj;شه؟</p>
2	\N	<p>توضیح بدید که چرا ۲*۲ میشه ۴؟</p>
3	\N	<p>سلام</p>
15	\N	عکس یک کارت شناسایی (شناسنامه، کارت ملی، کارت دانشجویی...) در قالب فایل pdf آپلود کنید. (نفر اول)
17	\N	عکس یک کارت شناسایی (شناسنامه، کارت ملی، کارت دانشجویی...) در قالب فایل pdf آپلود کنید. (نفر دوم)
18	\N	عکس یک کارت شناسایی (شناسنامه، کارت ملی، کارت دانشجویی...) در قالب فایل pdf آپلود کنید. (نفر اول)عکس یک کارت شناسایی (شناسنامه، کارت ملی، کارت دانشجویی...) در قالب فایل pdf آپلود کنید. (نفر سوم)
22	\N	پاسخ‌تون به سوال رو در قالب یک فایل pdf اینجا وارد کنید.
23	\N	لطفا فایل جواب را ارسال کنید
\.


--
-- Data for Name: fsm_problembiganswer; Type: TABLE DATA; Schema: public; Owner: workshop
--

COPY public.fsm_problembiganswer (problem_ptr_id) FROM stdin;
2
3
\.


--
-- Data for Name: fsm_biganswer; Type: TABLE DATA; Schema: public; Owner: workshop
--

COPY public.fsm_biganswer (answer_ptr_id, text, problem_id) FROM stdin;
2	<p>یه توضیحی باید بده</p>	2
3	<p>سلام</p>	3
\.


--
-- Data for Name: fsm_problemmultichoice; Type: TABLE DATA; Schema: public; Owner: workshop
--

COPY public.fsm_problemmultichoice (problem_ptr_id) FROM stdin;
\.


--
-- Data for Name: fsm_choice; Type: TABLE DATA; Schema: public; Owner: workshop
--

COPY public.fsm_choice (id, text, problem_id) FROM stdin;
\.


--
-- Data for Name: fsm_description; Type: TABLE DATA; Schema: public; Owner: workshop
--

COPY public.fsm_description (widget_ptr_id, text) FROM stdin;
19	<h2>مسئله&zwnj;ی ضرب سکه&zwnj;ی زرستان</h2>\n<p>زری پس از تاسیس دولت زرستان قصد ضرب سکه&zwnj;هایی با واحد زر دارد.<br />او می&zwnj;خواهد بداند چه نوع سکه&zwnj;هایی (با چه ارزش&zwnj;هایی) ضرب کند تا مردم بتوانند به راحتی خرید و فروش کنند.<br />۱- عواملی که در تعیین ارزش سکه&zwnj;ها تاثیرگذارند را بنویسید. <br />۲- اگر او بخواهد فقط دو نوع سکه ضرب کند، چه پیشنهادی به او می&zwnj;دهید؟ دلیل انتخاب خود را به طور کامل توضیح دهید.<br />۳- اگر او بخواهد فقط سه نوع سکه ضرب کند، چه پیشنهادی به او می&zwnj;دهید؟ دلیل انتخاب خود را به طور کامل توضیح دهید.<br /><br /></p>
20	<h2>سلام، خوش اومدید.</h2>\n<p>اینجا قراره که شما با محیط مسابقه آشنا بشید و یکم باهاش بازی کنید تا دستتون راه بیوفته.</p>\n<p>این مسابقه فقط برای تست هست و تاثیری در جواب مسابقه نداره.</p>\n<p>برای شروع ویدئوی زیر رو ببینید تا با محیط مسابقه بیشتر آشنا بشید.</p>
24	<p>تیم پشتیبانی مسابقه در طول آزمون آزمایشی روز پنج شنبه ساعت 17 الی 19 و روز مسابقه جمعه ساعت 8صبح الی 16 برای پاسخگویی به سوالت فنی (پلتفرم مسابقه، مشکلات اتصال و غیره) از طریق تلفن 03136692013 داخلی های 102، 103، 104، 108، 108، 140و 147<br />&nbsp;یا آیدی تلگرامیRastaiha_info@ همراه شما خواهد بود&zwnj;.<br />کلیه سوالات علمی (درباره سوالات و محتوای آزمون) در سایت مسابقه و از طریق درخواست کلید منتور پاسخ داده خواهد شد.<br />مهم: لطفا برای پرسیدن سوالات علمی به هیج وجه با تلفن های داده شده تماس نگیرید.</p>\n<p>برای دنبال کردن اخبار مسابقه، در کانال تلگرامی @A_Lympiad99 عضو شوید.</p>
25	<h4>چه نکاتی باعث میشه یک پاسخ از بقیه بهتر باشه؟<br /><strong>- &nbsp; &nbsp; &nbsp; &nbsp; وضوح و خوانایی پاسخ&not; تکلیف نهایی</strong><br /><strong>- &nbsp; &nbsp; &nbsp; &nbsp; میزان کامل بودن پاسخ&not;ها</strong><br /><strong>- &nbsp; &nbsp; &nbsp; &nbsp; استفاده از ریاضیات</strong><br /><strong>- &nbsp; &nbsp; &nbsp; &nbsp; استدلال&not;ها و توجیه انتخاب&not;های انجام شده</strong><br /><strong>- &nbsp; &nbsp; &nbsp; &nbsp; عمق و دقت پاسخ ها</strong><br /><strong>- &nbsp; &nbsp; &nbsp; &nbsp; برای ارائه: قالب و ظاهر، خوانایی، انسجام، استفاده و بکارگیری شکل و نمودار</strong><br /><strong>- &nbsp; &nbsp; &nbsp; &nbsp; خلاقیت ریاضی در بسط دادن مسائل.</strong></h4>
26	<h2>توجه توجه</h2>\n<p>حتما هر تیم یک ایمیل در فرم دریافت ایمیل که روی کانال تلگرامی و صفحه&zwnj;ی اصلی سایت قرار گرفته، وارد کند.</p>
\.


--
-- Data for Name: fsm_game; Type: TABLE DATA; Schema: public; Owner: workshop
--

COPY public.fsm_game (widget_ptr_id, name, link) FROM stdin;
\.


--
-- Data for Name: fsm_image; Type: TABLE DATA; Schema: public; Owner: workshop
--

COPY public.fsm_image (widget_ptr_id, name, link) FROM stdin;
\.


--
-- Data for Name: fsm_multichoiceanswer; Type: TABLE DATA; Schema: public; Owner: workshop
--

COPY public.fsm_multichoiceanswer (answer_ptr_id, text, problem_id) FROM stdin;
\.


--
-- Data for Name: fsm_playerworkshop; Type: TABLE DATA; Schema: public; Owner: workshop
--

COPY public.fsm_playerworkshop (id, player_id, current_state_id, workshop_id, last_visit) FROM stdin;
1	2	1	1	2020-11-19 08:28:13+00
2	3	3	1	2020-11-19 08:28:31+00
3	4	7	2	2020-11-19 12:25:37+00
4	6	7	2	2020-11-19 12:26:20+00
5	2	7	2	2020-11-19 12:28:50+00
6	1	1	1	\N
7	2	1	1	\N
8	3	1	1	\N
9	4	1	1	\N
10	5	1	1	\N
11	6	1	1	\N
12	7	1	1	\N
13	8	1	1	\N
14	9	1	1	\N
15	10	1	1	\N
16	11	1	1	\N
17	12	1	1	\N
18	13	1	1	\N
19	14	1	1	\N
20	15	1	1	\N
21	16	1	1	\N
22	17	1	1	\N
23	18	1	1	\N
24	19	1	1	\N
25	20	1	1	\N
26	21	1	1	\N
27	22	1	1	\N
28	23	1	1	\N
29	24	1	1	\N
30	25	1	1	\N
31	26	1	1	\N
32	27	1	1	\N
33	28	1	1	\N
34	29	1	1	\N
35	30	1	1	\N
36	31	1	1	\N
37	32	1	1	\N
38	33	1	1	\N
39	34	1	1	\N
40	35	1	1	\N
41	36	1	1	\N
42	37	1	1	\N
43	38	1	1	\N
44	39	1	1	\N
45	40	1	1	\N
46	41	1	1	\N
47	42	1	1	\N
48	43	1	1	\N
49	44	1	1	\N
50	45	1	1	\N
51	46	1	1	\N
52	47	1	1	\N
53	48	1	1	\N
54	49	1	1	\N
55	50	1	1	\N
56	51	1	1	\N
57	52	1	1	\N
58	53	1	1	\N
59	54	1	1	\N
60	55	1	1	\N
61	56	1	1	\N
62	57	1	1	\N
63	58	1	1	\N
64	59	1	1	\N
65	60	1	1	\N
66	61	1	1	\N
67	62	1	1	\N
68	63	1	1	\N
69	64	1	1	\N
70	65	1	1	\N
71	66	1	1	\N
72	67	1	1	\N
73	68	1	1	\N
74	69	1	1	\N
75	70	1	1	\N
76	71	1	1	\N
77	72	1	1	\N
78	73	1	1	\N
79	74	1	1	\N
80	75	1	1	\N
81	76	1	1	\N
82	77	1	1	\N
83	78	1	1	\N
84	79	1	1	\N
85	80	1	1	\N
86	81	1	1	\N
87	82	1	1	\N
88	83	1	1	\N
89	84	1	1	\N
90	85	1	1	\N
91	86	1	1	\N
92	87	1	1	\N
93	88	1	1	\N
94	89	1	1	\N
95	90	1	1	\N
96	91	1	1	\N
97	92	1	1	\N
98	93	1	1	\N
99	94	1	1	\N
100	95	1	1	\N
101	96	1	1	\N
102	97	1	1	\N
103	98	1	1	\N
104	99	1	1	\N
105	100	1	1	\N
106	101	1	1	\N
107	102	1	1	\N
108	103	1	1	\N
109	104	1	1	\N
110	105	1	1	\N
111	106	1	1	\N
112	107	1	1	\N
113	108	1	1	\N
114	109	1	1	\N
115	110	1	1	\N
116	111	1	1	\N
117	112	1	1	\N
118	113	1	1	\N
119	114	1	1	\N
120	115	1	1	\N
121	116	1	1	\N
122	117	1	1	\N
123	118	1	1	\N
124	119	1	1	\N
125	120	1	1	\N
126	121	1	1	\N
127	122	1	1	\N
128	123	1	1	\N
129	124	1	1	\N
130	125	1	1	\N
131	126	1	1	\N
132	127	1	1	\N
133	128	1	1	\N
134	129	1	1	\N
135	130	1	1	\N
136	131	1	1	\N
137	132	1	1	\N
138	133	1	1	\N
139	134	1	1	\N
140	135	1	1	\N
141	136	1	1	\N
142	137	1	1	\N
143	138	1	1	\N
144	139	1	1	\N
145	140	1	1	\N
146	141	1	1	\N
147	142	1	1	\N
148	143	1	1	\N
149	144	1	1	\N
150	145	1	1	\N
151	146	1	1	\N
152	147	1	1	\N
153	148	1	1	\N
154	149	1	1	\N
155	150	1	1	\N
156	151	1	1	\N
157	152	1	1	\N
158	153	1	1	\N
159	154	1	1	\N
160	155	1	1	\N
161	156	1	1	\N
162	157	1	1	\N
163	158	1	1	\N
164	159	1	1	\N
165	160	1	1	\N
166	161	1	1	\N
167	162	1	1	\N
168	163	1	1	\N
169	164	1	1	\N
170	165	1	1	\N
171	166	1	1	\N
172	167	1	1	\N
173	168	1	1	\N
174	169	1	1	\N
175	170	1	1	\N
176	171	1	1	\N
177	172	1	1	\N
178	173	1	1	\N
179	174	1	1	\N
180	175	1	1	\N
181	176	1	1	\N
182	177	1	1	\N
183	178	1	1	\N
184	179	1	1	\N
185	180	1	1	\N
186	181	1	1	\N
187	182	1	1	\N
188	183	1	1	\N
189	184	1	1	\N
190	185	1	1	\N
191	186	1	1	\N
192	187	1	1	\N
193	188	1	1	\N
194	189	1	1	\N
195	190	1	1	\N
196	191	1	1	\N
197	192	1	1	\N
198	193	1	1	\N
199	194	1	1	\N
200	195	1	1	\N
201	196	1	1	\N
202	197	1	1	\N
203	198	1	1	\N
204	199	1	1	\N
205	200	1	1	\N
206	201	1	1	\N
207	202	1	1	\N
208	203	1	1	\N
209	204	1	1	\N
210	205	1	1	\N
211	206	1	1	\N
212	207	1	1	\N
213	208	1	1	\N
214	209	1	1	\N
215	210	1	1	\N
216	211	1	1	\N
217	212	1	1	\N
218	213	1	1	\N
219	214	1	1	\N
220	215	1	1	\N
221	216	1	1	\N
222	217	1	1	\N
223	218	1	1	\N
224	219	1	1	\N
225	220	1	1	\N
226	221	1	1	\N
227	222	1	1	\N
228	223	1	1	\N
229	224	1	1	\N
230	225	1	1	\N
231	226	1	1	\N
232	227	1	1	\N
233	228	1	1	\N
234	229	1	1	\N
235	230	1	1	\N
236	231	1	1	\N
237	232	1	1	\N
238	233	1	1	\N
239	234	1	1	\N
240	235	1	1	\N
241	236	1	1	\N
242	237	1	1	\N
243	238	1	1	\N
244	239	1	1	\N
245	240	1	1	\N
246	241	1	1	\N
247	242	1	1	\N
248	243	1	1	\N
249	244	1	1	\N
250	245	1	1	\N
251	246	1	1	\N
252	247	1	1	\N
253	248	1	1	\N
254	249	1	1	\N
255	250	1	1	\N
256	251	1	1	\N
257	252	1	1	\N
258	253	1	1	\N
259	254	1	1	\N
260	255	1	1	\N
261	256	1	1	\N
262	257	1	1	\N
263	258	1	1	\N
264	259	1	1	\N
265	260	1	1	\N
266	261	1	1	\N
267	262	1	1	\N
268	263	1	1	\N
269	264	1	1	\N
270	265	1	1	\N
271	266	1	1	\N
272	267	1	1	\N
273	268	1	1	\N
274	269	1	1	\N
275	270	1	1	\N
276	271	1	1	\N
277	272	1	1	\N
278	273	1	1	\N
279	274	1	1	\N
280	275	1	1	\N
281	276	1	1	\N
282	277	1	1	\N
283	278	1	1	\N
284	279	1	1	\N
285	280	1	1	\N
286	281	1	1	\N
287	282	1	1	\N
288	283	1	1	\N
289	284	1	1	\N
290	285	1	1	\N
291	286	1	1	\N
292	287	1	1	\N
293	288	1	1	\N
294	289	1	1	\N
295	290	1	1	\N
296	291	1	1	\N
297	292	1	1	\N
298	293	1	1	\N
299	294	1	1	\N
300	295	1	1	\N
301	296	1	1	\N
302	297	1	1	\N
303	298	1	1	\N
304	299	1	1	\N
305	300	1	1	\N
306	301	1	1	\N
307	302	1	1	\N
308	303	1	1	\N
309	304	1	1	\N
310	305	1	1	\N
311	306	1	1	\N
312	307	1	1	\N
313	308	1	1	\N
314	309	1	1	\N
315	310	1	1	\N
316	311	1	1	\N
317	312	1	1	\N
318	313	1	1	\N
319	314	1	1	\N
320	315	1	1	\N
321	316	1	1	\N
322	317	1	1	\N
323	318	1	1	\N
324	319	1	1	\N
325	320	1	1	\N
326	321	1	1	\N
327	322	1	1	\N
328	323	1	1	\N
329	324	1	1	\N
330	325	1	1	\N
331	326	1	1	\N
332	327	1	1	\N
333	328	1	1	\N
334	329	1	1	\N
335	330	1	1	\N
336	331	1	1	\N
337	332	1	1	\N
338	333	1	1	\N
339	334	1	1	\N
340	335	1	1	\N
341	336	1	1	\N
342	337	1	1	\N
343	338	1	1	\N
344	339	1	1	\N
345	340	1	1	\N
346	341	1	1	\N
347	342	1	1	\N
348	343	1	1	\N
349	344	1	1	\N
350	345	1	1	\N
351	346	1	1	\N
352	347	1	1	\N
353	348	1	1	\N
354	349	1	1	\N
355	350	1	1	\N
356	351	1	1	\N
357	352	1	1	\N
358	353	1	1	\N
359	354	1	1	\N
360	355	1	1	\N
361	356	1	1	\N
362	357	1	1	\N
363	358	1	1	\N
364	359	1	1	\N
365	360	1	1	\N
366	361	1	1	\N
367	362	1	1	\N
368	363	1	1	\N
369	364	1	1	\N
370	365	1	1	\N
371	366	1	1	\N
372	367	1	1	\N
373	368	1	1	\N
374	369	1	1	\N
375	370	1	1	\N
376	371	1	1	\N
377	372	1	1	\N
378	373	1	1	\N
379	374	1	1	\N
380	375	1	1	\N
381	376	1	1	\N
382	377	1	1	\N
383	378	1	1	\N
384	379	1	1	\N
385	380	1	1	\N
386	381	1	1	\N
387	382	1	1	\N
388	383	1	1	\N
389	384	1	1	\N
390	385	1	1	\N
391	386	1	1	\N
392	387	1	1	\N
393	388	1	1	\N
394	389	1	1	\N
395	390	1	1	\N
396	391	1	1	\N
397	392	1	1	\N
398	393	1	1	\N
399	394	1	1	\N
400	395	1	1	\N
401	396	1	1	\N
402	397	1	1	\N
403	398	1	1	\N
404	399	1	1	\N
405	400	1	1	\N
406	401	1	1	\N
407	402	1	1	\N
408	403	1	1	\N
409	404	1	1	\N
410	405	1	1	\N
411	406	1	1	\N
412	407	1	1	\N
413	408	1	1	\N
414	409	1	1	\N
415	410	1	1	\N
416	411	1	1	\N
417	412	1	1	\N
418	413	1	1	\N
419	414	1	1	\N
420	415	1	1	\N
421	416	1	1	\N
422	417	1	1	\N
423	418	1	1	\N
424	419	1	1	\N
425	420	1	1	\N
426	421	1	1	\N
427	422	1	1	\N
428	423	1	1	\N
429	424	1	1	\N
430	425	1	1	\N
431	426	1	1	\N
432	427	1	1	\N
433	428	1	1	\N
434	429	1	1	\N
435	430	1	1	\N
436	431	1	1	\N
437	432	1	1	\N
438	433	1	1	\N
439	434	1	1	\N
440	435	1	1	\N
441	436	1	1	\N
442	437	1	1	\N
443	438	1	1	\N
444	439	1	1	\N
445	440	1	1	\N
446	441	1	1	\N
447	442	1	1	\N
448	443	1	1	\N
449	444	1	1	\N
450	445	1	1	\N
451	446	1	1	\N
452	447	1	1	\N
453	448	1	1	\N
454	449	1	1	\N
455	450	1	1	\N
456	451	1	1	\N
457	452	1	1	\N
458	453	1	1	\N
459	454	1	1	\N
460	455	1	1	\N
461	456	1	1	\N
462	457	1	1	\N
463	458	1	1	\N
464	459	1	1	\N
465	460	1	1	\N
466	461	1	1	\N
467	462	1	1	\N
468	463	1	1	\N
469	464	1	1	\N
470	465	1	1	\N
471	466	1	1	\N
472	467	1	1	\N
473	468	1	1	\N
474	469	1	1	\N
475	470	1	1	\N
476	471	1	1	\N
477	472	1	1	\N
478	473	1	1	\N
479	474	1	1	\N
480	475	1	1	\N
481	476	1	1	\N
482	477	1	1	\N
483	478	1	1	\N
484	479	1	1	\N
485	480	1	1	\N
486	481	1	1	\N
487	482	1	1	\N
488	483	1	1	\N
489	484	1	1	\N
490	485	1	1	\N
491	486	1	1	\N
492	487	1	1	\N
493	488	1	1	\N
494	489	1	1	\N
495	490	1	1	\N
496	491	1	1	\N
497	492	1	1	\N
498	493	1	1	\N
499	494	1	1	\N
500	495	1	1	\N
501	496	1	1	\N
502	497	1	1	\N
503	498	1	1	\N
504	499	1	1	\N
505	500	1	1	\N
506	501	1	1	\N
507	502	1	1	\N
508	503	1	1	\N
509	504	1	1	\N
510	505	1	1	\N
511	506	1	1	\N
512	507	1	1	\N
513	508	1	1	\N
514	509	1	1	\N
515	510	1	1	\N
516	511	1	1	\N
517	512	1	1	\N
518	513	1	1	\N
519	514	1	1	\N
520	515	1	1	\N
521	516	1	1	\N
522	517	1	1	\N
523	518	1	1	\N
524	519	1	1	\N
525	520	1	1	\N
526	521	1	1	\N
527	522	1	1	\N
528	523	1	1	\N
529	524	1	1	\N
530	525	1	1	\N
531	526	1	1	\N
532	527	1	1	\N
533	528	1	1	\N
534	529	1	1	\N
535	530	1	1	\N
536	531	1	1	\N
537	532	1	1	\N
538	533	1	1	\N
539	534	1	1	\N
540	535	1	1	\N
541	536	1	1	\N
542	537	1	1	\N
543	538	1	1	\N
544	539	1	1	\N
545	540	1	1	\N
546	541	1	1	\N
547	542	1	1	\N
548	543	1	1	\N
549	544	1	1	\N
550	545	1	1	\N
551	546	1	1	\N
552	547	1	1	\N
553	548	1	1	\N
554	549	1	1	\N
555	550	1	1	\N
556	551	1	1	\N
557	552	1	1	\N
558	553	1	1	\N
559	554	1	1	\N
560	555	1	1	\N
561	556	1	1	\N
562	557	1	1	\N
563	558	1	1	\N
564	559	1	1	\N
565	560	1	1	\N
566	561	1	1	\N
567	562	1	1	\N
568	563	1	1	\N
569	564	1	1	\N
570	565	1	1	\N
571	566	1	1	\N
572	567	1	1	\N
573	568	1	1	\N
574	569	1	1	\N
575	570	1	1	\N
576	571	1	1	\N
577	572	1	1	\N
578	573	1	1	\N
579	574	1	1	\N
580	575	1	1	\N
581	576	1	1	\N
582	577	1	1	\N
583	578	1	1	\N
584	579	1	1	\N
585	580	1	1	\N
586	581	1	1	\N
587	582	1	1	\N
588	583	1	1	\N
589	584	1	1	\N
590	585	1	1	\N
591	586	1	1	\N
592	587	1	1	\N
593	588	1	1	\N
594	589	1	1	\N
595	590	1	1	\N
596	591	1	1	\N
597	592	1	1	\N
598	593	1	1	\N
599	594	1	1	\N
600	595	1	1	\N
601	596	1	1	\N
602	597	1	1	\N
603	598	1	1	\N
604	599	1	1	\N
605	600	1	1	\N
606	601	1	1	\N
607	602	1	1	\N
608	603	1	1	\N
609	604	1	1	\N
610	605	1	1	\N
611	606	1	1	\N
612	607	1	1	\N
613	608	1	1	\N
614	609	1	1	\N
615	610	1	1	\N
616	611	1	1	\N
617	612	1	1	\N
618	613	1	1	\N
619	614	1	1	\N
620	615	1	1	\N
621	616	1	1	\N
622	617	1	1	\N
623	618	1	1	\N
624	619	1	1	\N
625	620	1	1	\N
626	621	1	1	\N
627	622	1	1	\N
628	623	1	1	\N
629	624	1	1	\N
630	625	1	1	\N
631	626	1	1	\N
632	627	1	1	\N
633	628	1	1	\N
634	629	1	1	\N
635	630	1	1	\N
636	631	1	1	\N
637	632	1	1	\N
638	633	1	1	\N
639	634	1	1	\N
640	635	1	1	\N
641	636	1	1	\N
642	637	1	1	\N
643	638	1	1	\N
644	639	1	1	\N
645	640	1	1	\N
646	641	1	1	\N
647	642	1	1	\N
648	643	1	1	\N
649	644	1	1	\N
650	645	1	1	\N
651	646	1	1	\N
652	647	1	1	\N
653	648	1	1	\N
654	649	1	1	\N
655	650	1	1	\N
656	651	1	1	\N
657	652	1	1	\N
658	653	1	1	\N
659	654	1	1	\N
660	655	1	1	\N
661	656	1	1	\N
662	657	1	1	\N
663	658	1	1	\N
664	659	1	1	\N
665	660	1	1	\N
666	661	1	1	\N
667	662	1	1	\N
668	663	1	1	\N
669	664	1	1	\N
670	665	1	1	\N
671	666	1	1	\N
672	667	1	1	\N
673	668	1	1	\N
674	669	1	1	\N
675	670	1	1	\N
676	671	1	1	\N
677	672	1	1	\N
678	673	1	1	\N
679	674	1	1	\N
680	675	1	1	\N
681	676	1	1	\N
682	677	1	1	\N
683	678	1	1	\N
684	679	1	1	\N
685	680	1	1	\N
686	681	1	1	\N
687	682	1	1	\N
688	683	1	1	\N
689	684	1	1	\N
690	685	1	1	\N
691	686	1	1	\N
692	687	1	1	\N
693	688	1	1	\N
694	689	1	1	\N
695	690	1	1	\N
696	691	1	1	\N
697	692	1	1	\N
698	693	1	1	\N
699	694	1	1	\N
700	695	1	1	\N
701	696	1	1	\N
702	697	1	1	\N
703	698	1	1	\N
704	699	1	1	\N
705	700	1	1	\N
706	701	1	1	\N
707	702	1	1	\N
708	703	1	1	\N
709	704	1	1	\N
710	705	1	1	\N
711	706	1	1	\N
712	707	1	1	\N
713	708	1	1	\N
714	709	1	1	\N
715	710	1	1	\N
716	711	1	1	\N
717	712	1	1	\N
718	713	1	1	\N
719	714	1	1	\N
720	715	1	1	\N
721	716	1	1	\N
722	717	1	1	\N
723	718	1	1	\N
724	719	1	1	\N
725	720	1	1	\N
726	721	1	1	\N
727	722	1	1	\N
728	723	1	1	\N
729	724	1	1	\N
730	725	1	1	\N
731	726	1	1	\N
732	727	1	1	\N
733	728	1	1	\N
734	729	1	1	\N
735	730	1	1	\N
736	731	1	1	\N
737	732	1	1	\N
738	733	1	1	\N
739	734	1	1	\N
740	735	1	1	\N
741	736	1	1	\N
742	737	1	1	\N
743	738	1	1	\N
744	739	1	1	\N
745	740	1	1	\N
746	741	1	1	\N
747	742	1	1	\N
748	743	1	1	\N
749	744	1	1	\N
750	745	1	1	\N
751	746	1	1	\N
752	747	1	1	\N
753	748	1	1	\N
754	749	1	1	\N
755	750	1	1	\N
756	751	1	1	\N
757	752	1	1	\N
758	753	1	1	\N
759	754	1	1	\N
760	755	1	1	\N
761	756	1	1	\N
762	757	1	1	\N
763	758	1	1	\N
764	759	1	1	\N
765	760	1	1	\N
766	761	1	1	\N
767	762	1	1	\N
768	763	1	1	\N
769	764	1	1	\N
770	765	1	1	\N
771	766	1	1	\N
772	767	1	1	\N
773	768	1	1	\N
774	769	1	1	\N
775	770	1	1	\N
776	771	1	1	\N
777	772	1	1	\N
778	773	1	1	\N
779	774	1	1	\N
780	775	1	1	\N
781	776	1	1	\N
782	777	1	1	\N
783	778	1	1	\N
784	779	1	1	\N
785	780	1	1	\N
786	781	1	1	\N
787	782	1	1	\N
788	783	1	1	\N
789	784	1	1	\N
790	785	1	1	\N
791	786	1	1	\N
792	787	1	1	\N
793	788	1	1	\N
794	789	1	1	\N
795	790	1	1	\N
796	791	1	1	\N
797	792	1	1	\N
798	793	1	1	\N
799	794	1	1	\N
800	795	1	1	\N
801	796	1	1	\N
802	797	1	1	\N
803	798	1	1	\N
804	799	1	1	\N
805	800	1	1	\N
806	801	1	1	\N
807	802	1	1	\N
808	803	1	1	\N
809	804	1	1	\N
810	805	1	1	\N
811	806	1	1	\N
812	807	1	1	\N
813	808	1	1	\N
814	809	1	1	\N
815	810	1	1	\N
816	811	1	1	\N
817	812	1	1	\N
818	813	1	1	\N
819	814	1	1	\N
820	815	1	1	\N
821	816	1	1	\N
822	817	1	1	\N
823	818	1	1	\N
824	819	1	1	\N
825	820	1	1	\N
826	821	1	1	\N
827	822	1	1	\N
828	823	1	1	\N
829	824	1	1	\N
830	825	1	1	\N
831	826	1	1	\N
832	827	1	1	\N
833	828	1	1	\N
834	829	1	1	\N
835	830	1	1	\N
836	831	1	1	\N
837	832	1	1	\N
838	833	1	1	\N
839	834	1	1	\N
840	835	1	1	\N
841	836	1	1	\N
842	837	1	1	\N
843	838	1	1	\N
844	839	1	1	\N
845	840	1	1	\N
846	841	1	1	\N
847	842	1	1	\N
848	843	1	1	\N
849	844	1	1	\N
850	845	1	1	\N
851	846	1	1	\N
852	847	1	1	\N
853	848	1	1	\N
854	849	1	1	\N
855	850	1	1	\N
856	851	1	1	\N
857	852	1	1	\N
858	853	1	1	\N
859	854	1	1	\N
860	855	1	1	\N
861	856	1	1	\N
862	857	1	1	\N
863	858	1	1	\N
864	859	1	1	\N
865	860	1	1	\N
866	861	1	1	\N
867	862	1	1	\N
868	863	1	1	\N
869	864	1	1	\N
870	865	1	1	\N
871	866	1	1	\N
872	867	1	1	\N
873	868	1	1	\N
874	869	1	1	\N
875	870	1	1	\N
876	871	1	1	\N
877	872	1	1	\N
878	873	1	1	\N
879	874	1	1	\N
880	875	1	1	\N
881	876	1	1	\N
882	877	1	1	\N
883	878	1	1	\N
884	879	1	1	\N
885	880	1	1	\N
886	881	1	1	\N
887	882	1	1	\N
888	883	1	1	\N
889	884	1	1	\N
890	885	1	1	\N
891	886	1	1	\N
892	887	1	1	\N
893	888	1	1	\N
894	889	1	1	\N
895	890	1	1	\N
896	891	1	1	\N
897	892	1	1	\N
898	893	1	1	\N
899	894	1	1	\N
900	895	1	1	\N
901	896	1	1	\N
902	897	1	1	\N
903	898	1	1	\N
904	899	1	1	\N
905	900	1	1	\N
906	901	1	1	\N
907	902	1	1	\N
908	903	1	1	\N
909	904	1	1	\N
910	905	1	1	\N
911	906	1	1	\N
912	907	1	1	\N
913	908	1	1	\N
914	909	1	1	\N
915	910	1	1	\N
916	911	1	1	\N
917	912	1	1	\N
918	913	1	1	\N
919	3	7	2	\N
920	703	7	2	\N
\.


--
-- Data for Name: fsm_problemsmallanswer; Type: TABLE DATA; Schema: public; Owner: workshop
--

COPY public.fsm_problemsmallanswer (problem_ptr_id) FROM stdin;
1
\.


--
-- Data for Name: fsm_problemuploadfileanswer; Type: TABLE DATA; Schema: public; Owner: workshop
--

COPY public.fsm_problemuploadfileanswer (problem_ptr_id) FROM stdin;
15
17
18
22
23
\.


--
-- Data for Name: fsm_smallanswer; Type: TABLE DATA; Schema: public; Owner: workshop
--

COPY public.fsm_smallanswer (answer_ptr_id, text, problem_id) FROM stdin;
1	4	1
\.


--
-- Data for Name: fsm_submittedanswer; Type: TABLE DATA; Schema: public; Owner: workshop
--

COPY public.fsm_submittedanswer (id, publish_date, answer_id, problem_id, player_id) FROM stdin;
1	2020-11-19 13:38:43.198138+00	11	15	2
2	2020-11-19 13:44:59.28656+00	12	15	2
\.


--
-- Data for Name: fsm_uploadfileanswer; Type: TABLE DATA; Schema: public; Owner: workshop
--

COPY public.fsm_uploadfileanswer (answer_ptr_id, answer_file, problem_id, file_name) FROM stdin;
11	AnswerFile/2-15.pdf	\N	Screen Shot 2020-11-14 at 15.37.55.png
12	AnswerFile/2-15_5kYrZnI.pdf	\N	Screen Shot 2020-11-14 at 15.37.55.png
\.


--
-- Data for Name: fsm_video; Type: TABLE DATA; Schema: public; Owner: workshop
--

COPY public.fsm_video (widget_ptr_id, name, link) FROM stdin;
21	\N	https://res.cloudinary.com/derp8mdew/video/upload/v1605773817/cut_eag74e.mp4
\.


--
-- Data for Name: notice_notice; Type: TABLE DATA; Schema: public; Owner: workshop
--

COPY public.notice_notice (id, title, message, "timestamp", priority, user_id, "isPushed") FROM stdin;
\.


--
-- Data for Name: notifications_notification; Type: TABLE DATA; Schema: public; Owner: workshop
--

COPY public.notifications_notification (id, level, unread, actor_object_id, verb, description, target_object_id, action_object_object_id, "timestamp", public, action_object_content_type_id, actor_content_type_id, recipient_id, target_content_type_id, deleted, emailed, data) FROM stdin;
\.


--
-- Data for Name: workshop_chat; Type: TABLE DATA; Schema: public; Owner: workshop
--

COPY public.workshop_chat (id) FROM stdin;
\.


--
-- Data for Name: workshop_contact; Type: TABLE DATA; Schema: public; Owner: workshop
--

COPY public.workshop_contact (id, user_id) FROM stdin;
\.


--
-- Data for Name: workshop_message; Type: TABLE DATA; Schema: public; Owner: workshop
--

COPY public.workshop_message (id, content, "timestamp", seen, contact_id, parent_id) FROM stdin;
\.


--
-- Data for Name: workshop_chat_messages; Type: TABLE DATA; Schema: public; Owner: workshop
--

COPY public.workshop_chat_messages (id, chat_id, message_id) FROM stdin;
\.


--
-- Data for Name: workshop_chat_participants; Type: TABLE DATA; Schema: public; Owner: workshop
--

COPY public.workshop_chat_participants (id, chat_id, contact_id) FROM stdin;
\.


--
-- Data for Name: workshop_contact_friends; Type: TABLE DATA; Schema: public; Owner: workshop
--

COPY public.workshop_contact_friends (id, from_contact_id, to_contact_id) FROM stdin;
\.


--
-- Name: accounts_mentor_id_seq; Type: SEQUENCE SET; Schema: public; Owner: workshop
--

SELECT pg_catalog.setval('public.accounts_mentor_id_seq', 14, true);


--
-- Name: accounts_payment_id_seq; Type: SEQUENCE SET; Schema: public; Owner: workshop
--

SELECT pg_catalog.setval('public.accounts_payment_id_seq', 1, false);


--
-- Name: accounts_player_id_seq; Type: SEQUENCE SET; Schema: public; Owner: workshop
--

SELECT pg_catalog.setval('public.accounts_player_id_seq', 915, true);


--
-- Name: accounts_team_team_members_id_seq; Type: SEQUENCE SET; Schema: public; Owner: workshop
--

SELECT pg_catalog.setval('public.accounts_team_team_members_id_seq', 686, true);


--
-- Name: auction_onetimeauction_id_seq; Type: SEQUENCE SET; Schema: public; Owner: workshop
--

SELECT pg_catalog.setval('public.auction_onetimeauction_id_seq', 1, false);


--
-- Name: auction_onetimebidder_id_seq; Type: SEQUENCE SET; Schema: public; Owner: workshop
--

SELECT pg_catalog.setval('public.auction_onetimebidder_id_seq', 1, false);


--
-- Name: auth_group_id_seq; Type: SEQUENCE SET; Schema: public; Owner: workshop
--

SELECT pg_catalog.setval('public.auth_group_id_seq', 1, false);


--
-- Name: auth_group_permissions_id_seq; Type: SEQUENCE SET; Schema: public; Owner: workshop
--

SELECT pg_catalog.setval('public.auth_group_permissions_id_seq', 1, false);


--
-- Name: auth_permission_id_seq; Type: SEQUENCE SET; Schema: public; Owner: workshop
--

SELECT pg_catalog.setval('public.auth_permission_id_seq', 168, true);


--
-- Name: auth_user_groups_id_seq; Type: SEQUENCE SET; Schema: public; Owner: workshop
--

SELECT pg_catalog.setval('public.auth_user_groups_id_seq', 1, false);


--
-- Name: auth_user_id_seq; Type: SEQUENCE SET; Schema: public; Owner: workshop
--

SELECT pg_catalog.setval('public.auth_user_id_seq', 703, true);


--
-- Name: auth_user_user_permissions_id_seq; Type: SEQUENCE SET; Schema: public; Owner: workshop
--

SELECT pg_catalog.setval('public.auth_user_user_permissions_id_seq', 1, false);


--
-- Name: django_admin_log_id_seq; Type: SEQUENCE SET; Schema: public; Owner: workshop
--

SELECT pg_catalog.setval('public.django_admin_log_id_seq', 22, true);


--
-- Name: django_content_type_id_seq; Type: SEQUENCE SET; Schema: public; Owner: workshop
--

SELECT pg_catalog.setval('public.django_content_type_id_seq', 42, true);


--
-- Name: django_migrations_id_seq; Type: SEQUENCE SET; Schema: public; Owner: workshop
--

SELECT pg_catalog.setval('public.django_migrations_id_seq', 47, true);


--
-- Name: fsm_ability_id_seq; Type: SEQUENCE SET; Schema: public; Owner: workshop
--

SELECT pg_catalog.setval('public.fsm_ability_id_seq', 1, false);


--
-- Name: fsm_answer_id_seq; Type: SEQUENCE SET; Schema: public; Owner: workshop
--

SELECT pg_catalog.setval('public.fsm_answer_id_seq', 12, true);


--
-- Name: fsm_choice_id_seq; Type: SEQUENCE SET; Schema: public; Owner: workshop
--

SELECT pg_catalog.setval('public.fsm_choice_id_seq', 3, true);


--
-- Name: fsm_fsm_id_seq; Type: SEQUENCE SET; Schema: public; Owner: workshop
--

SELECT pg_catalog.setval('public.fsm_fsm_id_seq', 3, true);


--
-- Name: fsm_fsmedge_id_seq; Type: SEQUENCE SET; Schema: public; Owner: workshop
--

SELECT pg_catalog.setval('public.fsm_fsmedge_id_seq', 4, true);


--
-- Name: fsm_fsmstate_id_seq; Type: SEQUENCE SET; Schema: public; Owner: workshop
--

SELECT pg_catalog.setval('public.fsm_fsmstate_id_seq', 11, true);


--
-- Name: fsm_playerhistory_id_seq; Type: SEQUENCE SET; Schema: public; Owner: workshop
--

SELECT pg_catalog.setval('public.fsm_playerhistory_id_seq', 1, false);


--
-- Name: fsm_playerworkshop_id_seq; Type: SEQUENCE SET; Schema: public; Owner: workshop
--

SELECT pg_catalog.setval('public.fsm_playerworkshop_id_seq', 920, true);


--
-- Name: fsm_submittedanswer_id_seq; Type: SEQUENCE SET; Schema: public; Owner: workshop
--

SELECT pg_catalog.setval('public.fsm_submittedanswer_id_seq', 2, true);


--
-- Name: fsm_widget_id_seq; Type: SEQUENCE SET; Schema: public; Owner: workshop
--

SELECT pg_catalog.setval('public.fsm_widget_id_seq', 26, true);


--
-- Name: notice_notice_id_seq; Type: SEQUENCE SET; Schema: public; Owner: workshop
--

SELECT pg_catalog.setval('public.notice_notice_id_seq', 1, false);


--
-- Name: notifications_notification_id_seq; Type: SEQUENCE SET; Schema: public; Owner: workshop
--

SELECT pg_catalog.setval('public.notifications_notification_id_seq', 1, false);


--
-- Name: workshop_chat_id_seq; Type: SEQUENCE SET; Schema: public; Owner: workshop
--

SELECT pg_catalog.setval('public.workshop_chat_id_seq', 1, false);


--
-- Name: workshop_chat_messages_id_seq; Type: SEQUENCE SET; Schema: public; Owner: workshop
--

SELECT pg_catalog.setval('public.workshop_chat_messages_id_seq', 1, false);


--
-- Name: workshop_chat_participants_id_seq; Type: SEQUENCE SET; Schema: public; Owner: workshop
--

SELECT pg_catalog.setval('public.workshop_chat_participants_id_seq', 1, false);


--
-- Name: workshop_contact_friends_id_seq; Type: SEQUENCE SET; Schema: public; Owner: workshop
--

SELECT pg_catalog.setval('public.workshop_contact_friends_id_seq', 1, false);


--
-- Name: workshop_contact_id_seq; Type: SEQUENCE SET; Schema: public; Owner: workshop
--

SELECT pg_catalog.setval('public.workshop_contact_id_seq', 1, false);


--
-- Name: workshop_message_id_seq; Type: SEQUENCE SET; Schema: public; Owner: workshop
--

SELECT pg_catalog.setval('public.workshop_message_id_seq', 1, false);


--
-- PostgreSQL database dump complete
--

